driver,spec,month,kind,n_files,n_lines,delta_files,delta_lines,commit
CDRIVER,server-discovery-and-monitoring,2015-02,intro,37,1544,37,1544,73fd4e91
CDRIVER,server-discovery-and-monitoring,2020-05,phase,167,15193,66,8531,370fc185
CDRIVER,server-discovery-and-monitoring,2021-06,phase,306,32870,119,14705,e37552db
CDRIVER,server-selection,2015-02,intro,33,2323,33,2323,73fd4e91
CDRIVER,server-selection,2025-01,phase,73,4008,15,1679,61592503
CDRIVER,command-monitoring,2016-02,intro,9,1597,9,1597,7ff234f9
CDRIVER,max-staleness,2016-07,intro,31,2051,31,2051,14e685e8
CDRIVER,connection-string,2017-02,intro,15,2464,15,2464,deefb226
CDRIVER,auth,2017-08,intro,1,291,1,291,883636d3
CDRIVER,initial-dns-seedlist-discovery,2017-10,intro,7,88,7,88,f590582e
CDRIVER,initial-dns-seedlist-discovery,2017-11,phase,23,231,16,143,3ffee13d
CDRIVER,initial-dns-seedlist-discovery,2021-11,phase,53,592,19,219,2bd2d842
CDRIVER,retryable-writes,2017-11,intro,9,1854,9,1854,3ffee13d
CDRIVER,retryable-writes,2018-07,phase,19,4760,9,1988,5bc43d9a
CDRIVER,bson-corpus,2017-12,intro,33,5183,33,5183,a168846b
CDRIVER,read-write-concern,2018-02,intro,2,207,2,207,184f2e79
CDRIVER,transactions,2018-05,intro,17,7903,17,7903,8d1dbffe
CDRIVER,transactions,2018-06,phase,23,15008,6,7105,6268ffdf
CDRIVER,crud,2018-06,intro,2,159,2,159,6268ffdf
CDRIVER,crud,2018-07,phase,32,3731,30,3572,5bc43d9a
CDRIVER,crud,2019-03,phase,76,7981,41,3087,4ac75d8d
CDRIVER,crud,2020-03,phase,89,13250,38,5442,c899fc3d
CDRIVER,crud,2021-06,phase,101,21115,10,7192,e37552db
CDRIVER,change-streams,2018-07,intro,2,523,2,523,5bc43d9a
CDRIVER,change-streams,2020-03,phase,4,4242,2,3354,c899fc3d
CDRIVER,change-streams,2022-05,phase,9,11690,4,7224,db7e894b
CDRIVER,gridfs,2018-10,intro,4,1464,4,1464,1dd20edb
CDRIVER,transactions-convenient-api,2019-02,intro,8,3220,8,3220,b213866a
CDRIVER,uri-options,2019-06,intro,8,617,8,617,8511ba5c
CDRIVER,retryable-reads,2019-08,intro,42,18143,42,18143,cb053ecf
CDRIVER,client-side-encryption,2019-11,intro,27,9056,27,9056,25494023
CDRIVER,client-side-encryption,2022-05,phase,59,21775,28,12274,db7e894b
CDRIVER,client-side-encryption,2023-02,phase,103,60471,43,38240,c0b43912
CDRIVER,client-side-encryption,2025-10,phase,211,124440,93,58910,48d0a485
CDRIVER,sessions,2020-01,intro,1,835,1,835,d1a55356
CDRIVER,sessions,2021-07,phase,6,2638,5,1803,d8684bed
CDRIVER,unified-test-format,2020-11,intro,1,100,1,100,de2effee
CDRIVER,unified-test-format,2021-02,phase,10,4003,9,3903,43f5997e
CDRIVER,unified-test-format,2021-06,phase,16,4538,6,535,e37552db
CDRIVER,atlas-data-lake-testing,2020-12,intro,7,276,7,276,64b55f67
CDRIVER,versioned-api,2021-03,intro,6,3002,6,3002,15828e0e
CDRIVER,collection-management,2021-06,intro,1,255,1,255,e37552db
CDRIVER,load-balancers,2021-08,intro,8,3911,8,3911,52a82377
CDRIVER,index-management,2023-07,intro,6,687,6,687,f974c492
CDRIVER,command-logging-and-monitoring,2024-05,intro,1,186,1,186,77d7a9d6
CDRIVER,command-logging-and-monitoring,2025-01,phase,25,6022,24,5802,61592503
CDRIVER,client-backpressure,2026-03,intro,4,8864,4,8864,568719b6
CDRIVER,mongodb-handshake,2026-04,intro,1,101,1,101,b8925d92
CSHARP,crud,2015-03,intro,28,2883,28,2883,f8297b91
CSHARP,crud,2016-07,phase,56,5766,28,2883,faac9ba1
CSHARP,crud,2016-11,phase,116,7944,60,2178,10b3b67d
CSHARP,server-discovery-and-monitoring,2015-03,intro,74,3354,74,3354,f8297b91
CSHARP,server-discovery-and-monitoring,2016-06,phase,200,11878,100,5939,b14629fe
CSHARP,server-discovery-and-monitoring,2020-06,phase,307,25109,146,13920,21b6b068
CSHARP,server-selection,2015-03,intro,66,3130,66,3130,f8297b91
CSHARP,server-selection,2016-06,phase,132,6260,66,3130,b14629fe
CSHARP,server-selection,2026-01,phase,198,8329,70,2515,3f47046c
CSHARP,gridfs,2015-08,intro,8,2256,8,2256,81d97264
CSHARP,gridfs,2016-07,phase,16,3948,8,1974,faac9ba1
CSHARP,command-monitoring,2015-09,intro,18,2251,18,2251,e5d8f606
CSHARP,command-monitoring,2016-07,phase,36,4810,18,2405,faac9ba1
CSHARP,connection-string,2015-10,intro,18,2637,18,2637,28e3db4b
CSHARP,connection-string,2016-06,phase,36,5274,18,2637,b14629fe
CSHARP,read-write-concern,2015-10,intro,4,321,4,321,28e3db4b
CSHARP,read-write-concern,2020-03,phase,12,1748,8,1372,06700ca8
CSHARP,bson-corpus,2016-09,intro,14,7812,14,7812,e7a7e39d
CSHARP,bson-corpus,2020-05,phase,38,9047,31,5141,2c15f361
CSHARP,max-staleness,2016-09,intro,136,7038,136,7038,e7a7e39d
CSHARP,initial-dns-seedlist-discovery,2017-11,intro,92,784,92,784,3eae8f91
CSHARP,initial-dns-seedlist-discovery,2021-07,phase,80,738,30,309,a563175b
CSHARP,initial-dns-seedlist-discovery,2021-11,phase,124,1185,44,447,f4fd11d2
CSHARP,retryable-writes,2017-12,intro,18,2678,18,2678,d72beef3
CSHARP,retryable-writes,2018-04,phase,36,5356,18,2678,2f5a667f
CSHARP,retryable-writes,2018-07,phase,72,12124,32,3964,f65e52d7
CSHARP,transactions,2018-04,intro,72,23950,72,23950,2f5a667f
CSHARP,transactions,2018-06,phase,84,45542,12,18962,8eaf2f55
CSHARP,auth,2018-06,intro,4,1636,4,1636,8eaf2f55
CSHARP,auth,2024-04,phase,4,1968,2,1153,7c4216e7
CSHARP,change-streams,2018-06,intro,8,1748,8,1748,8eaf2f55
CSHARP,change-streams,2020-03,phase,8,7093,4,5575,06700ca8
CSHARP,transactions-convenient-api,2019-03,intro,18,5186,18,5186,dd6d09b1
CSHARP,retryable-reads,2019-05,intro,66,18836,66,18836,d701854d
CSHARP,uri-options,2019-08,intro,16,1126,16,1126,75b3ae8c
CSHARP,client-side-encryption,2019-09,intro,68,24441,68,24441,7df218e4
CSHARP,client-side-encryption,2023-01,phase,232,117308,93,59351,5d1353dc
CSHARP,connection-monitoring-and-pooling,2019-10,intro,38,1592,38,1592,49d23aea
CSHARP,sessions,2019-11,intro,2,793,2,793,79faa5fc
CSHARP,sessions,2021-07,phase,12,4014,8,2697,a563175b
CSHARP,unified-test-format,2020-12,intro,32,6094,32,6094,4e2a5df6
CSHARP,unified-test-format,2021-08,phase,56,7370,20,1146,ab4b3671
CSHARP,versioned-api,2021-03,intro,12,4166,12,4166,83536067
CSHARP,collection-management,2021-07,intro,2,384,2,384,a563175b
CSHARP,load-balancers,2021-07,intro,16,5599,16,5599,a563175b
CSHARP,atlas-data-lake-testing,2022-10,intro,14,437,14,437,cdfbab2c
CSHARP,command-logging-and-monitoring,2022-10,intro,44,7843,44,7843,cdfbab2c
CSHARP,index-management,2023-07,intro,10,909,10,909,628577e2
CSHARP,client-side-operations-timeout,2025-08,intro,32,55511,32,55511,c4cc63bf
CSHARP,open-telemetry,2026-02,intro,44,6181,44,6181,6546899e
CSHARP,client-backpressure,2026-04,intro,8,11327,8,11327,d1a74877
CXX,crud,2017-01,intro,64,4964,64,4964,54203766
CXX,crud,2020-07,phase,143,16781,43,6212,0b86224c
CXX,crud,2022-06,phase,109,23901,18,9602,43c93631
CXX,gridfs,2017-03,intro,8,1957,8,1957,3c79987e
CXX,gridfs,2019-10,phase,16,4779,8,2794,50627c99
CXX,change-streams,2018-08,intro,4,874,4,874,8cc6a6e6
CXX,change-streams,2020-06,phase,8,7091,4,5573,5efb920e
CXX,change-streams,2022-08,phase,5,7346,1,3015,f1f3f50e
CXX,command-monitoring,2018-08,intro,20,2467,20,2467,8cc6a6e6
CXX,transactions,2018-09,intro,44,23959,44,23959,8396159d
CXX,transactions,2019-10,phase,56,38028,12,13022,50627c99
CXX,retryable-reads,2019-10,intro,84,22602,84,22602,50627c99
CXX,client-side-encryption,2019-12,intro,58,13826,58,13826,7fa93d7b
CXX,client-side-encryption,2020-07,phase,66,22489,10,10628,0b86224c
CXX,client-side-encryption,2022-03,phase,44,31290,6,11337,ea0e0396
CXX,client-side-encryption,2023-04,phase,128,87019,50,37946,52a1150d
CXX,transactions-convenient-api,2020-02,intro,18,5687,18,5687,a020ab64
CXX,read-write-concern,2020-07,intro,8,1372,8,1372,0b86224c
CXX,atlas-data-lake-testing,2020-11,intro,7,276,7,276,33742aef
CXX,unified-test-format,2021-04,intro,10,4001,10,4001,85d6c4a1
CXX,unified-test-format,2022-08,phase,19,6087,7,692,f1f3f50e
CXX,versioned-api,2021-05,intro,6,2820,6,2820,c585e14f
CXX,sessions,2021-11,intro,8,2718,8,2718,b858c5e1
CXX,collection-management,2022-05,intro,1,255,1,255,1afd5102
CXX,initial-dns-seedlist-discovery,2023-02,intro,19,219,19,219,e3bd7001
CXX,uri-options,2023-02,intro,1,116,1,116,e3bd7001
CXX,retryable-writes,2023-03,intro,3,2175,3,2175,46b86f47
CXX,index-management,2023-07,intro,5,600,5,600,6a1716e7
GODRIVER,bson-corpus,2017-10,intro,31,5125,31,5125,3e9a111f
GODRIVER,connection-string,2017-10,intro,16,2595,16,2595,3e9a111f
GODRIVER,max-staleness,2017-10,intro,70,3461,70,3461,3e9a111f
GODRIVER,server-discovery-and-monitoring,2017-10,intro,138,9163,138,9163,3e9a111f
GODRIVER,server-discovery-and-monitoring,2020-06,phase,314,24806,132,13115,09ccd6fc
GODRIVER,server-selection,2017-10,intro,80,2483,80,2483,3e9a111f
GODRIVER,initial-dns-seedlist-discovery,2017-11,intro,46,392,46,392,b3a8ba65
GODRIVER,initial-dns-seedlist-discovery,2021-10,phase,104,1001,42,446,34dde800
GODRIVER,crud,2018-02,intro,64,5198,64,5198,d0ed0270
GODRIVER,crud,2021-06,phase,202,31132,28,12642,5199a0b7
GODRIVER,read-write-concern,2018-02,intro,4,324,4,324,d0ed0270
GODRIVER,read-write-concern,2020-02,phase,12,1747,8,1372,6f3c9d10
GODRIVER,auth,2018-06,intro,1,434,1,434,78fbc245
GODRIVER,command-monitoring,2018-07,intro,20,2467,20,2467,ad3c80fa
GODRIVER,command-monitoring,2023-01,phase,44,8360,18,4114,599b80ac
GODRIVER,gridfs,2018-08,intro,8,2084,8,2084,beaed0b2
GODRIVER,gridfs,2022-11,phase,10,3453,2,1369,977993fa
GODRIVER,retryable-writes,2018-08,intro,36,6062,36,6062,beaed0b2
GODRIVER,transactions,2018-08,intro,42,22771,42,22771,beaed0b2
GODRIVER,change-streams,2018-11,intro,2,523,2,523,a29da95d
GODRIVER,change-streams,2020-03,phase,8,7119,4,5572,a2fd8774
GODRIVER,sessions,2019-07,intro,2,795,2,795,58da8e60
GODRIVER,sessions,2021-07,phase,12,4014,10,2739,57125a02
GODRIVER,uri-options,2019-07,intro,16,1126,16,1126,58da8e60
GODRIVER,client-side-encryption,2019-08,intro,58,13802,58,13802,dc939a31
GODRIVER,client-side-encryption,2022-05,phase,102,24372,34,9983,f98d6aa2
GODRIVER,client-side-encryption,2022-12,phase,184,66292,60,34636,e1bf8858
GODRIVER,connection-monitoring-and-pooling,2019-08,intro,38,1562,38,1562,dc939a31
GODRIVER,retryable-reads,2019-08,intro,84,22739,84,22739,dc939a31
GODRIVER,atlas-data-lake-testing,2020-07,intro,14,429,14,429,a8b8f62c
GODRIVER,unified-test-format,2020-10,intro,20,5851,20,5851,07bbc23e
GODRIVER,unified-test-format,2021-04,phase,32,6669,12,818,3fd62610
GODRIVER,unified-test-format,2021-05,phase,60,7503,28,834,7450663b
GODRIVER,versioned-api,2021-01,intro,12,3875,12,3875,54681e1a
GODRIVER,load-balancers,2021-04,intro,16,5599,16,5599,3fd62610
GODRIVER,collection-management,2021-06,intro,2,384,2,384,5199a0b7
GODRIVER,collection-management,2022-05,phase,8,1119,6,735,f98d6aa2
GODRIVER,client-side-operations-timeout,2022-04,intro,8,26951,8,26951,4b8024ed
GODRIVER,client-side-operations-timeout,2022-08,phase,14,16301,6,1311,f301e5d7
GODRIVER,client-side-operations-timeout,2022-09,phase,18,29181,4,12880,b18931bf
GODRIVER,run-command,2023-07,intro,4,2222,4,2222,4acd5513
GODRIVER,index-management,2023-09,intro,10,920,10,920,cd3c6996
JAVA,server-discovery-and-monitoring,2015-01,intro,37,1544,37,1544,77b7974d
JAVA,server-discovery-and-monitoring,2020-05,phase,162,14604,73,8987,a1b912fa
JAVA,crud,2015-03,intro,14,1987,14,1987,13ff30f6
JAVA,crud,2016-11,phase,29,2738,15,751,ca2f1979
JAVA,crud,2020-04,phase,88,13152,38,5268,14a3e5f5
JAVA,server-selection,2015-03,intro,33,1309,33,1309,13ff30f6
JAVA,server-selection,2016-07,phase,61,2801,28,1492,809b2085
JAVA,bson-corpus,2015-06,intro,5,323,5,323,db3b40f5
JAVA,bson-corpus,2016-07,phase,12,4223,7,3900,809b2085
JAVA,bson-corpus,2016-10,phase,28,4761,16,538,70bf1146
JAVA,connection-string,2015-08,intro,7,1336,7,1336,d9edfab0
JAVA,gridfs,2015-08,intro,4,1618,4,1618,d9edfab0
JAVA,command-monitoring,2015-09,intro,9,1505,9,1505,37f50414
JAVA,initial-dns-seedlist-discovery,2017-11,intro,23,231,23,231,17a80a2f
JAVA,initial-dns-seedlist-discovery,2021-10,phase,54,608,21,242,53b0ff15
JAVA,retryable-writes,2017-11,intro,9,1854,9,1854,17a80a2f
JAVA,retryable-writes,2018-06,phase,18,4115,9,2261,166a5a6c
JAVA,auth,2018-04,intro,1,452,1,452,6d08459f
JAVA,transactions,2018-04,intro,18,7504,18,7504,6d08459f
JAVA,transactions,2018-06,phase,21,14178,3,5740,166a5a6c
JAVA,change-streams,2018-06,intro,2,523,2,523,166a5a6c
JAVA,change-streams,2020-04,phase,4,4242,2,3315,14a3e5f5
JAVA,change-streams,2022-04,phase,5,7323,0,2857,1ffcc02f
JAVA,uri-options,2019-01,intro,8,491,8,491,305d3e5f
JAVA,connection-monitoring-and-pooling,2019-02,intro,19,986,19,986,3b25779e
JAVA,transactions-convenient-api,2019-02,intro,9,3433,9,3433,3b25779e
JAVA,retryable-reads,2019-04,intro,39,17519,39,17519,9c77d176
JAVA,client-side-encryption,2019-06,intro,29,10582,29,10582,2a3fea5d
JAVA,client-side-encryption,2022-05,phase,63,23799,30,12541,9fcdefd4
JAVA,client-side-encryption,2023-01,phase,106,62303,43,38273,d5fb38f9
JAVA,sessions,2019-11,intro,1,835,1,835,8f866e22
JAVA,sessions,2021-07,phase,6,2638,4,1786,7206b710
JAVA,unified-test-format,2020-11,intro,10,4000,10,4000,0eac1f09
JAVA,unified-test-format,2021-02,phase,18,4230,8,230,927e50d5
JAVA,versioned-api,2021-01,intro,6,2640,6,2640,9f90aa8a
JAVA,load-balancers,2021-05,intro,8,3911,8,3911,4e484b0d
JAVA,collection-management,2021-06,intro,1,255,1,255,f253f90b
JAVA,command-logging-and-monitoring,2023-01,intro,10,2773,10,2773,d5fb38f9
JAVA,index-management,2023-07,intro,5,604,5,604,46903fb1
JAVA,client-side-operations-timeout,2024-07,intro,27,40188,27,40188,cc90a512
NODE,command-monitoring,2015-08,intro,18,2232,18,2232,c5b04d23
NODE,connection-string,2015-10,intro,14,2388,14,2388,2876b1b3
NODE,connection-string,2019-08,phase,32,5259,16,2649,b542d348
NODE,crud,2016-11,intro,58,3973,58,3973,3a887097
NODE,crud,2017-10,phase,70,6012,12,2039,903eb00d
NODE,crud,2019-08,phase,82,8911,16,3383,b542d348
NODE,crud,2020-04,phase,178,19058,76,7948,3ae3e919
NODE,max-staleness,2017-04,intro,70,3461,70,3461,a0f2fef6
NODE,server-selection,2017-04,intro,80,2518,80,2518,a0f2fef6
NODE,server-selection,2024-01,phase,150,6811,14,2631,9401d09a
NODE,gridfs,2017-12,intro,2,955,2,955,9c0d883a
NODE,gridfs,2024-07,phase,10,3453,8,2498,54efb7d4
NODE,gridfs,2025-10,phase,16,4229,6,776,517da849
NODE,initial-dns-seedlist-discovery,2017-12,intro,46,392,46,392,9c0d883a
NODE,initial-dns-seedlist-discovery,2019-08,phase,94,813,46,392,b542d348
NODE,initial-dns-seedlist-discovery,2021-11,phase,108,1066,44,460,b9fbac5b
NODE,retryable-writes,2017-12,intro,18,2678,18,2678,9c0d883a
NODE,retryable-writes,2018-06,phase,36,6062,16,2099,955c7ab6
NODE,retryable-writes,2024-07,phase,66,18086,0,6129,54efb7d4
NODE,transactions,2018-04,intro,48,16133,48,16133,d6c34173
NODE,transactions,2019-02,phase,68,40032,26,17261,430fe275
NODE,change-streams,2018-06,intro,4,874,4,874,955c7ab6
NODE,change-streams,2020-04,phase,8,7093,4,5546,3ae3e919
NODE,change-streams,2022-05,phase,18,18209,8,10271,4501a1ce
NODE,auth,2018-12,intro,2,818,2,818,3f4d0616
NODE,server-discovery-and-monitoring,2018-12,intro,138,9493,138,9493,3f4d0616
NODE,server-discovery-and-monitoring,2020-06,phase,348,28410,158,16061,e11e573e
NODE,uri-options,2019-03,intro,16,1126,16,1126,75ef350c
NODE,client-side-encryption,2019-08,intro,58,13750,58,13750,b542d348
NODE,client-side-encryption,2019-11,phase,68,24459,10,10709,8fe456bc
NODE,client-side-encryption,2023-01,phase,234,117616,93,59375,14143939
NODE,retryable-reads,2019-08,intro,84,22739,84,22739,b542d348
NODE,retryable-reads,2024-07,phase,90,40388,0,14094,54efb7d4
NODE,sessions,2019-08,intro,2,795,2,795,b542d348
NODE,sessions,2021-07,phase,10,3492,8,2697,a9c0de80
NODE,connection-monitoring-and-pooling,2019-12,intro,38,1742,38,1742,6ba409a9
NODE,connection-monitoring-and-pooling,2022-05,phase,52,2869,14,1106,4501a1ce
NODE,read-write-concern,2020-02,intro,12,1748,12,1748,69d10ba5
NODE,atlas-data-lake-testing,2020-10,intro,14,429,14,429,b4ec3ed7
NODE,unified-test-format,2021-01,intro,294,11060,294,11060,19ba74a5
NODE,versioned-api,2021-03,intro,8,3638,8,3638,d5956346
NODE,collection-management,2021-07,intro,2,384,2,384,a9c0de80
NODE,collection-management,2022-05,phase,8,1121,6,737,4501a1ce
NODE,load-balancers,2021-07,intro,16,5599,16,5599,a9c0de80
NODE,transactions-convenient-api,2022-02,intro,18,5691,18,5691,7420e8d3
NODE,command-logging-and-monitoring,2022-12,intro,44,8361,44,8361,b4e63fb5
NODE,faas-automated-testing,2023-04,intro,2,125,2,125,ce8e69b6
NODE,run-command,2023-04,intro,2,718,2,718,ce8e69b6
NODE,run-command,2023-05,phase,4,2222,2,1504,f98f26ca
NODE,client-side-operations-timeout,2023-05,intro,2,887,2,887,f98f26ca
NODE,client-side-operations-timeout,2024-01,phase,54,61446,52,60559,9401d09a
NODE,index-management,2023-05,intro,10,909,10,909,f98f26ca
NODE,mongodb-handshake,2025-07,intro,2,158,2,158,be7f808c
NODE,client-backpressure,2026-02,intro,6,9664,6,9664,4dbcb887
PERL,command-monitoring,2014-09,intro,34,1578,34,1578,0f79bd84
PERL,server-discovery-and-monitoring,2014-11,intro,74,3284,74,3284,513dd2bf
PERL,server-selection,2015-01,intro,66,3130,66,3130,63a750ea
PERL,crud,2015-03,intro,28,2883,28,2883,54b658cd
PERL,crud,2016-11,phase,58,3972,30,1089,04bb7829
PERL,crud,2019-02,phase,152,13466,76,6760,e4d2f711
PERL,gridfs,2015-12,intro,3,1139,3,1139,f6125896
PERL,max-staleness,2016-07,intro,58,2901,58,2901,a84ecf62
PERL,connection-string,2016-08,intro,14,2397,14,2397,c7874059
PERL,connection-string,2019-02,phase,38,4134,18,1211,e4d2f711
PERL,initial-dns-seedlist-discovery,2018-01,intro,46,392,46,392,0c52b886
PERL,retryable-writes,2018-05,intro,18,2678,18,2678,880e42f6
PERL,retryable-writes,2018-06,phase,36,6062,18,3384,4d21e6f6
PERL,change-streams,2018-06,intro,4,874,4,874,4d21e6f6
PERL,transactions,2018-06,intro,42,22771,42,22771,4d21e6f6
PERL,read-write-concern,2018-11,intro,4,376,4,376,e78f69fe
PERL,auth,2019-05,intro,2,653,2,653,28336beb
PERL,retryable-reads,2019-07,intro,82,22492,82,22492,f5ab951a
PERL,sessions,2019-07,intro,2,795,2,795,f5ab951a
PERL,transactions-convenient-api,2019-07,intro,18,5686,18,5686,f5ab951a
PHPLIB,gridfs,2016-03,intro,8,1974,8,1974,9e443408
PHPLIB,gridfs,2021-04,phase,5,2475,1,1011,df4e32cf
PHPLIB,retryable-writes,2019-05,intro,20,4186,20,4186,cb595b6d
PHPLIB,change-streams,2019-06,intro,4,1547,4,1547,457f8d62
PHPLIB,change-streams,2020-03,phase,4,4239,0,2692,99101b87
PHPLIB,change-streams,2020-07,phase,4,4329,0,2782,b3a4c241
PHPLIB,change-streams,2021-03,phase,4,4329,0,2782,027134d4
PHPLIB,change-streams,2022-04,phase,5,7327,0,2861,ec68b3cb
PHPLIB,command-monitoring,2019-06,intro,10,1649,10,1649,457f8d62
PHPLIB,transactions,2019-06,intro,26,24435,26,24435,457f8d62
PHPLIB,crud,2019-07,intro,5,1280,5,1280,f9452d80
PHPLIB,crud,2020-01,phase,10,2244,5,795,4d891151
PHPLIB,crud,2020-02,phase,16,2946,6,702,8060d725
PHPLIB,crud,2020-04,phase,54,8396,38,5268,63b80602
PHPLIB,crud,2020-07,phase,61,8895,51,6651,b3a4c241
PHPLIB,crud,2021-03,phase,61,8895,56,7446,027134d4
PHPLIB,crud,2021-06,phase,66,16259,12,5443,94f7ce08
PHPLIB,retryable-reads,2019-08,intro,42,18143,42,18143,e0a2b899
PHPLIB,retryable-reads,2024-03,phase,45,27991,3,9802,d2f37660
PHPLIB,transactions-convenient-api,2019-09,intro,9,3776,9,3776,b1647805
PHPLIB,client-side-encryption,2020-01,intro,39,21398,39,21398,4d891151
PHPLIB,client-side-encryption,2021-04,phase,43,32635,4,11237,df4e32cf
PHPLIB,client-side-encryption,2023-03,phase,124,88617,43,38240,446985d7
PHPLIB,read-write-concern,2020-03,intro,4,972,4,972,99101b87
PHPLIB,unified-test-format,2020-10,intro,16,4143,16,4143,6c66a1a2
PHPLIB,versioned-api,2021-04,intro,6,3005,6,3005,df4e32cf
PHPLIB,collection-management,2021-06,intro,1,255,1,255,94f7ce08
PHPLIB,sessions,2021-08,intro,4,1801,4,1801,e7874759
PHPLIB,sessions,2022-02,phase,6,3026,2,1225,103c1f2e
PHPLIB,load-balancers,2021-10,intro,8,3942,8,3942,feccdaaf
PHPLIB,run-command,2023-05,intro,1,573,1,573,bf363313
PHPLIB,index-management,2023-08,intro,5,614,5,614,f6ce2119
PYTHON,server-discovery-and-monitoring,2014-09,intro,37,1544,37,1544,6b6f61f2
PYTHON,server-discovery-and-monitoring,2020-04,phase,140,13500,66,8504,d8342367
PYTHON,crud,2015-03,intro,14,1987,14,1987,22c16c70
PYTHON,crud,2016-11,phase,29,2738,15,751,f2aff0fd
PYTHON,server-selection,2015-03,intro,33,1309,33,1309,22c16c70
PYTHON,server-selection,2025-12,phase,93,4283,25,1500,6585d9cb
PYTHON,connection-string,2015-08,intro,7,1336,7,1336,5c532238
PYTHON,gridfs,2015-08,intro,4,1618,4,1618,5c532238
PYTHON,gridfs,2022-07,phase,5,2475,1,1085,fbb8dde8
PYTHON,command-monitoring,2015-09,intro,9,1504,9,1504,680fee7f
PYTHON,max-staleness,2016-07,intro,29,2016,29,2016,dff826b7
PYTHON,bson-corpus,2016-08,intro,28,4768,28,4768,eb7f2e62
PYTHON,retryable-writes,2017-10,intro,7,1047,7,1047,280efd2d
PYTHON,retryable-writes,2018-06,phase,18,4115,9,2261,35391b7c
PYTHON,auth,2018-04,intro,1,453,1,453,7aeec7b5
PYTHON,read-write-concern,2018-04,intro,2,207,2,207,7aeec7b5
PYTHON,transactions,2018-04,intro,18,7504,18,7504,7aeec7b5
PYTHON,transactions,2018-06,phase,22,15012,4,6559,35391b7c
PYTHON,change-streams,2018-06,intro,2,523,2,523,35391b7c
PYTHON,change-streams,2020-07,phase,4,4329,2,3377,add995fe
PYTHON,uri-options,2019-02,intro,8,491,8,491,1d79cf8f
PYTHON,transactions-convenient-api,2019-03,intro,9,3433,9,3433,244e7ffa
PYTHON,retryable-reads,2019-04,intro,41,18200,41,18200,ff689253
PYTHON,connection-monitoring-and-pooling,2019-06,intro,18,831,18,831,0f30d165
PYTHON,sessions,2019-06,intro,1,523,1,523,0f30d165
PYTHON,sessions,2021-06,phase,6,2638,4,1787,fd845654
PYTHON,client-side-encryption,2019-08,intro,41,21391,41,21391,7d8ade1f
PYTHON,client-side-encryption,2020-11,phase,48,32765,4,11232,56258606
PYTHON,client-side-encryption,2022-06,phase,85,50270,33,12602,6d916d68
PYTHON,client-side-encryption,2023-01,phase,142,88935,57,38657,540562a6
PYTHON,client-side-encryption,2025-09,phase,258,154061,99,59460,215b3b19
PYTHON,initial-dns-seedlist-discovery,2019-11,intro,21,208,21,208,eda4fbb1
PYTHON,initial-dns-seedlist-discovery,2021-10,phase,54,608,21,242,9f6c6a30
PYTHON,atlas-data-lake-testing,2020-12,intro,7,276,7,276,6b012359
PYTHON,unified-test-format,2020-12,intro,161,7392,161,7392,6b012359
PYTHON,versioned-api,2021-01,intro,6,2796,6,2796,7ca1efda
PYTHON,load-balancers,2021-05,intro,4,416,4,416,d26bf933
PYTHON,load-balancers,2021-06,phase,8,3911,4,3495,fd845654
PYTHON,collection-management,2021-06,intro,1,271,1,271,fd845654
PYTHON,client-side-operations-timeout,2022-06,intro,26,39093,26,39093,6d916d68
PYTHON,run-command,2023-06,intro,2,1512,2,1512,46276439
PYTHON,index-management,2023-07,intro,5,604,5,604,b7796e17
PYTHON,faas-automated-testing,2023-08,intro,2,111,2,111,f2867a9a
PYTHON,command-logging-and-monitoring,2024-02,intro,15,4735,15,4735,3510c4e5
PYTHON,client-backpressure,2026-04,intro,4,7486,4,7486,e67931df
RUBY,server-discovery-and-monitoring,2015-01,intro,37,1740,37,1740,ae714abf
RUBY,server-discovery-and-monitoring,2020-05,phase,168,10481,73,4932,ddaa661e
RUBY,server-selection,2015-02,intro,24,538,24,538,2d3787e3
RUBY,command-monitoring,2015-07,intro,5,400,5,400,6de90ba6
RUBY,max-staleness,2016-09,intro,32,1029,32,1029,7aa44796
RUBY,change-streams,2018-08,intro,2,351,2,351,1f07982c
RUBY,change-streams,2020-04,phase,4,2855,2,2242,ded669b0
RUBY,connection-string,2018-08,intro,8,1162,8,1162,1f07982c
RUBY,crud,2018-08,intro,37,1989,37,1989,1f07982c
RUBY,crud,2019-07,phase,45,3004,8,1015,04ca01aa
RUBY,crud,2020-04,phase,83,5413,38,2322,ded669b0
RUBY,gridfs,2018-08,intro,4,586,4,586,1f07982c
RUBY,retryable-writes,2018-08,intro,18,1947,18,1947,1f07982c
RUBY,transactions,2018-08,intro,21,8594,21,8594,1f07982c
RUBY,uri-options,2018-12,intro,7,372,7,372,eebe3364
RUBY,connection-monitoring-and-pooling,2019-03,intro,19,549,19,549,f445b789
RUBY,retryable-reads,2019-04,intro,41,4402,41,4402,0fab9231
RUBY,auth,2019-09,intro,1,297,1,297,1452b587
RUBY,read-write-concern,2019-10,intro,2,137,2,137,1a8a5197
RUBY,client-side-encryption,2020-03,intro,29,3077,29,3077,83ea69f7
RUBY,client-side-encryption,2022-06,phase,60,7758,27,3510,01f4fdcb
RUBY,client-side-encryption,2023-02,phase,104,28742,43,20931,b92b7f40
RUBY,unified-test-format,2020-12,intro,10,1853,10,1853,a72ce6d3
RUBY,versioned-api,2021-03,intro,6,1163,6,1163,77df4500
RUBY,load-balancers,2021-06,intro,4,241,4,241,f6822318
RUBY,load-balancers,2025-01,phase,8,1727,4,1486,5960f5f6
RUBY,collection-management,2021-07,intro,1,129,1,129,6034662e
RUBY,index-management,2023-09,intro,5,314,5,314,7fd9ad4e
RUBY,client-side-operations-timeout,2024-08,intro,25,18947,25,18947,2d8a249b
RUBY,open-telemetry,2025-12,intro,22,2092,22,2092,5e64c1dd
RUBY,client-backpressure,2026-03,intro,4,4396,4,4396,e5fb27c9
RUST,connection-monitoring-and-pooling,2019-08,intro,38,1592,38,1592,6afc4136
RUST,max-staleness,2019-08,intro,70,3463,70,3463,6afc4136
RUST,server-discovery-and-monitoring,2019-08,intro,154,10564,154,10564,6afc4136
RUST,server-discovery-and-monitoring,2021-03,phase,348,27141,160,14892,8fd04d26
RUST,server-selection,2019-08,intro,96,2949,96,2949,6afc4136
RUST,server-selection,2023-01,phase,142,6550,10,2441,fa952f46
RUST,connection-string,2019-10,intro,16,2687,16,2687,3aa1cbb5
RUST,uri-options,2019-10,intro,16,1144,16,1144,3aa1cbb5
RUST,uri-options,2025-07,phase,22,2882,2,1110,c95787fb
RUST,auth,2019-11,intro,2,671,2,671,104ecd63
RUST,crud,2019-11,intro,88,9974,88,9974,104ecd63
RUST,crud,2021-03,phase,174,18491,86,8517,8fd04d26
RUST,crud,2021-07,phase,202,31183,28,12692,295f3be0
RUST,read-write-concern,2019-11,intro,4,376,4,376,104ecd63
RUST,read-write-concern,2021-05,phase,12,1748,8,1372,6cb18e19
RUST,command-monitoring,2019-12,intro,20,2451,20,2451,4ba2cfe9
RUST,initial-dns-seedlist-discovery,2019-12,intro,52,496,52,496,4ba2cfe9
RUST,retryable-reads,2020-05,intro,84,22584,84,22584,4edd2668
RUST,retryable-writes,2020-07,intro,58,8663,58,8663,b025aaa4
RUST,retryable-writes,2024-05,phase,66,18086,0,7231,243d1542
RUST,versioned-api,2020-12,intro,6,2503,6,2503,6067e98f
RUST,versioned-api,2021-04,phase,12,4166,6,1663,f9b1aa47
RUST,sessions,2021-03,intro,4,1317,4,1317,8fd04d26
RUST,sessions,2021-07,phase,12,4014,8,2697,295f3be0
RUST,transactions,2021-04,intro,64,39080,64,39080,f9b1aa47
RUST,collection-management,2021-06,intro,2,384,2,384,87397618
RUST,unified-test-format,2021-07,intro,36,3468,36,3468,295f3be0
RUST,unified-test-format,2021-09,phase,98,6127,60,1719,dd5d0a2a
RUST,unified-test-format,2023-05,phase,594,19089,477,12244,3e1c14e4
RUST,load-balancers,2021-10,intro,16,5644,16,5644,64b8e343
RUST,change-streams,2022-01,intro,2,188,2,188,724a227c
RUST,change-streams,2022-02,phase,8,10123,6,9935,bf12ff89
RUST,client-side-encryption,2022-10,intro,13,26208,13,26208,6e3d43d8
RUST,client-side-encryption,2022-11,phase,141,58218,128,32010,f9e79dbb
RUST,client-side-encryption,2023-03,phase,234,117767,93,59549,204cbb62
RUST,command-logging-and-monitoring,2022-10,intro,44,8300,44,8300,6e3d43d8
RUST,gridfs,2022-10,intro,10,3453,10,3453,6e3d43d8
RUST,gridfs,2025-04,phase,16,4229,6,1015,72084629
RUST,transactions-convenient-api,2023-04,intro,18,5691,18,5691,abad47aa
RUST,run-command,2023-06,intro,4,2222,4,2222,ecb51080
RUST,index-management,2023-11,intro,11,1179,11,1179,00a03ab3
RUST,open-telemetry,2025-10,intro,44,5599,44,5599,83a1544d
RUST,client-backpressure,2026-03,intro,8,13260,8,13260,24ac85d0
SWIFT,bson-corpus,2018-02,intro,31,5125,31,5125,6ac0524d
SWIFT,benchmarking,2018-03,intro,6,6,6,6,1a0afb84
SWIFT,command-monitoring,2018-03,intro,10,1649,10,1649,1a0afb84
SWIFT,crud,2018-03,intro,32,3661,32,3661,1a0afb84
SWIFT,crud,2021-01,phase,70,7039,35,2145,858b6d08
SWIFT,crud,2021-06,phase,128,18345,57,10744,59caa083
SWIFT,connection-string,2018-05,intro,2,147,2,147,b0a35df8
SWIFT,connection-string,2020-06,phase,10,1669,8,1522,2ce49dbf
SWIFT,read-write-concern,2018-05,intro,2,207,2,207,b0a35df8
SWIFT,retryable-writes,2019-05,intro,20,4186,20,4186,78db81a9
SWIFT,change-streams,2019-08,intro,2,908,2,908,5850eafc
SWIFT,change-streams,2021-03,phase,5,4445,3,3537,f876f362
SWIFT,change-streams,2022-06,phase,6,7072,1,2597,3eb642c7
SWIFT,change-streams,2022-08,phase,12,11788,6,4716,790bfa80
SWIFT,initial-dns-seedlist-discovery,2019-08,intro,26,288,26,288,5850eafc
SWIFT,auth,2019-10,intro,1,370,1,370,77a9a50c
SWIFT,retryable-reads,2019-10,intro,42,18143,42,18143,77a9a50c
SWIFT,retryable-reads,2022-06,phase,84,22656,40,3306,3eb642c7
SWIFT,transactions,2020-04,intro,32,25504,32,25504,b863152a
SWIFT,uri-options,2020-06,intro,8,1104,8,1104,2ce49dbf
SWIFT,unified-test-format,2020-10,intro,162,7678,162,7678,8c35196d
SWIFT,versioned-api,2021-03,intro,6,3004,6,3004,f876f362
SWIFT,versioned-api,2021-06,phase,12,4026,6,1022,59caa083
SWIFT,load-balancers,2021-08,intro,8,3911,8,3911,74a86f15
SWIFT,collection-management,2021-10,intro,2,384,2,384,18b95fdf
SWIFT,sessions,2021-10,intro,6,2653,6,2653,18b95fdf
SWIFT,max-staleness,2022-02,intro,64,3300,64,3300,543984db
SWIFT,server-selection,2022-02,intro,136,4167,136,4167,543984db
