driver,month,spec,n_files,n_lines,driver_commit,submodule_sha
JAVA,2025-04,atlas-data-lake-testing,7,212,03959929,a039bb44
JAVA,2025-04,auth,2,696,03959929,a039bb44
JAVA,2025-04,change-streams,9,4011,03959929,a039bb44
JAVA,2025-04,client-side-encryption,119,28834,03959929,a039bb44
JAVA,2025-04,client-side-operations-timeout,28,20447,03959929,a039bb44
JAVA,2025-04,collection-management,5,436,03959929,a039bb44
JAVA,2025-04,command-logging-and-monitoring,25,2936,03959929,a039bb44
JAVA,2025-04,connection-monitoring-and-pooling,35,1704,03959929,a039bb44
JAVA,2025-04,connection-string,8,1256,03959929,a039bb44
JAVA,2025-04,crud,164,17144,03959929,a039bb44
JAVA,2025-04,gridfs,8,1152,03959929,a039bb44
JAVA,2025-04,index-management,6,443,03959929,a039bb44
JAVA,2025-04,initial-dns-seedlist-discovery,53,467,03959929,a039bb44
JAVA,2025-04,load-balancers,8,1533,03959929,a039bb44
JAVA,2025-04,max-staleness,32,965,03959929,a039bb44
JAVA,2025-04,read-write-concern,8,807,03959929,a039bb44
JAVA,2025-04,retryable-reads,45,12102,03959929,a039bb44
JAVA,2025-04,retryable-writes,35,6198,03959929,a039bb44
JAVA,2025-04,run-command,2,660,03959929,a039bb44
JAVA,2025-04,server-discovery-and-monitoring,221,15918,03959929,a039bb44
JAVA,2025-04,server-selection,73,1981,03959929,a039bb44
JAVA,2025-04,sessions,7,1440,03959929,a039bb44
JAVA,2025-04,transactions,40,16665,03959929,a039bb44
JAVA,2025-04,transactions-convenient-api,10,2027,03959929,a039bb44
JAVA,2025-04,unified-test-format,315,6298,03959929,a039bb44
JAVA,2025-04,uri-options,11,1305,03959929,a039bb44
JAVA,2025-04,versioned-api,6,1088,03959929,a039bb44
JAVA,2025-05,atlas-data-lake-testing,7,212,afe36001,ca0e382f
JAVA,2025-05,auth,2,696,afe36001,ca0e382f
JAVA,2025-05,change-streams,9,4011,afe36001,ca0e382f
JAVA,2025-05,client-side-encryption,119,28834,afe36001,ca0e382f
JAVA,2025-05,client-side-operations-timeout,28,20447,afe36001,ca0e382f
JAVA,2025-05,collection-management,5,436,afe36001,ca0e382f
JAVA,2025-05,command-logging-and-monitoring,25,2936,afe36001,ca0e382f
JAVA,2025-05,connection-monitoring-and-pooling,35,1704,afe36001,ca0e382f
JAVA,2025-05,connection-string,8,1256,afe36001,ca0e382f
JAVA,2025-05,crud,164,17144,afe36001,ca0e382f
JAVA,2025-05,gridfs,8,1152,afe36001,ca0e382f
JAVA,2025-05,index-management,6,443,afe36001,ca0e382f
JAVA,2025-05,initial-dns-seedlist-discovery,53,467,afe36001,ca0e382f
JAVA,2025-05,load-balancers,8,1533,afe36001,ca0e382f
JAVA,2025-05,max-staleness,32,965,afe36001,ca0e382f
JAVA,2025-05,read-write-concern,8,807,afe36001,ca0e382f
JAVA,2025-05,retryable-reads,45,12102,afe36001,ca0e382f
JAVA,2025-05,retryable-writes,35,6198,afe36001,ca0e382f
JAVA,2025-05,run-command,2,660,afe36001,ca0e382f
JAVA,2025-05,server-discovery-and-monitoring,221,15918,afe36001,ca0e382f
JAVA,2025-05,server-selection,73,1981,afe36001,ca0e382f
JAVA,2025-05,sessions,7,1440,afe36001,ca0e382f
JAVA,2025-05,transactions,40,16665,afe36001,ca0e382f
JAVA,2025-05,transactions-convenient-api,10,2027,afe36001,ca0e382f
JAVA,2025-05,unified-test-format,315,6298,afe36001,ca0e382f
JAVA,2025-05,uri-options,11,1305,afe36001,ca0e382f
JAVA,2025-05,versioned-api,6,1088,afe36001,ca0e382f
JAVA,2025-06,atlas-data-lake-testing,7,212,8e51059c,db693517
JAVA,2025-06,auth,2,696,8e51059c,db693517
JAVA,2025-06,change-streams,9,4011,8e51059c,db693517
JAVA,2025-06,client-side-encryption,119,28845,8e51059c,db693517
JAVA,2025-06,client-side-operations-timeout,28,20447,8e51059c,db693517
JAVA,2025-06,collection-management,5,436,8e51059c,db693517
JAVA,2025-06,command-logging-and-monitoring,25,2936,8e51059c,db693517
JAVA,2025-06,connection-monitoring-and-pooling,35,1704,8e51059c,db693517
JAVA,2025-06,connection-string,8,1256,8e51059c,db693517
JAVA,2025-06,crud,164,17144,8e51059c,db693517
JAVA,2025-06,gridfs,8,1152,8e51059c,db693517
JAVA,2025-06,index-management,6,443,8e51059c,db693517
JAVA,2025-06,initial-dns-seedlist-discovery,53,467,8e51059c,db693517
JAVA,2025-06,load-balancers,8,1533,8e51059c,db693517
JAVA,2025-06,max-staleness,32,965,8e51059c,db693517
JAVA,2025-06,mongodb-handshake,1,54,8e51059c,db693517
JAVA,2025-06,read-write-concern,8,807,8e51059c,db693517
JAVA,2025-06,retryable-reads,45,12102,8e51059c,db693517
JAVA,2025-06,retryable-writes,35,6198,8e51059c,db693517
JAVA,2025-06,run-command,2,660,8e51059c,db693517
JAVA,2025-06,server-discovery-and-monitoring,221,15918,8e51059c,db693517
JAVA,2025-06,server-selection,73,1981,8e51059c,db693517
JAVA,2025-06,sessions,7,1440,8e51059c,db693517
JAVA,2025-06,transactions,40,16665,8e51059c,db693517
JAVA,2025-06,transactions-convenient-api,10,2027,8e51059c,db693517
JAVA,2025-06,unified-test-format,302,6145,8e51059c,db693517
JAVA,2025-06,uri-options,11,1305,8e51059c,db693517
JAVA,2025-06,versioned-api,6,1088,8e51059c,db693517
JAVA,2025-07,atlas-data-lake-testing,7,212,4b2967e1,c13d23b9
JAVA,2025-07,auth,2,696,4b2967e1,c13d23b9
JAVA,2025-07,change-streams,9,4011,4b2967e1,c13d23b9
JAVA,2025-07,client-side-encryption,119,28846,4b2967e1,c13d23b9
JAVA,2025-07,client-side-operations-timeout,28,20447,4b2967e1,c13d23b9
JAVA,2025-07,collection-management,6,482,4b2967e1,c13d23b9
JAVA,2025-07,command-logging-and-monitoring,25,2936,4b2967e1,c13d23b9
JAVA,2025-07,connection-monitoring-and-pooling,35,1704,4b2967e1,c13d23b9
JAVA,2025-07,connection-string,8,1256,4b2967e1,c13d23b9
JAVA,2025-07,crud,189,18682,4b2967e1,c13d23b9
JAVA,2025-07,gridfs,8,1152,4b2967e1,c13d23b9
JAVA,2025-07,index-management,7,535,4b2967e1,c13d23b9
JAVA,2025-07,initial-dns-seedlist-discovery,53,467,4b2967e1,c13d23b9
JAVA,2025-07,load-balancers,8,1533,4b2967e1,c13d23b9
JAVA,2025-07,max-staleness,32,965,4b2967e1,c13d23b9
JAVA,2025-07,mongodb-handshake,1,54,4b2967e1,c13d23b9
JAVA,2025-07,read-write-concern,8,807,4b2967e1,c13d23b9
JAVA,2025-07,retryable-reads,45,12102,4b2967e1,c13d23b9
JAVA,2025-07,retryable-writes,35,6198,4b2967e1,c13d23b9
JAVA,2025-07,run-command,2,660,4b2967e1,c13d23b9
JAVA,2025-07,server-discovery-and-monitoring,221,15918,4b2967e1,c13d23b9
JAVA,2025-07,server-selection,73,1981,4b2967e1,c13d23b9
JAVA,2025-07,sessions,7,1440,4b2967e1,c13d23b9
JAVA,2025-07,transactions,40,16665,4b2967e1,c13d23b9
JAVA,2025-07,transactions-convenient-api,10,2027,4b2967e1,c13d23b9
JAVA,2025-07,unified-test-format,302,6146,4b2967e1,c13d23b9
JAVA,2025-07,uri-options,11,1305,4b2967e1,c13d23b9
JAVA,2025-07,versioned-api,6,1088,4b2967e1,c13d23b9
JAVA,2025-08,atlas-data-lake-testing,7,212,81f74cc6,5ef7b1bc
JAVA,2025-08,auth,2,696,81f74cc6,5ef7b1bc
JAVA,2025-08,change-streams,9,4011,81f74cc6,5ef7b1bc
JAVA,2025-08,client-side-encryption,124,30012,81f74cc6,5ef7b1bc
JAVA,2025-08,client-side-operations-timeout,28,20552,81f74cc6,5ef7b1bc
JAVA,2025-08,collection-management,6,482,81f74cc6,5ef7b1bc
JAVA,2025-08,command-logging-and-monitoring,25,2936,81f74cc6,5ef7b1bc
JAVA,2025-08,connection-monitoring-and-pooling,35,1704,81f74cc6,5ef7b1bc
JAVA,2025-08,connection-string,8,1256,81f74cc6,5ef7b1bc
JAVA,2025-08,crud,190,18804,81f74cc6,5ef7b1bc
JAVA,2025-08,gridfs,8,1152,81f74cc6,5ef7b1bc
JAVA,2025-08,index-management,7,535,81f74cc6,5ef7b1bc
JAVA,2025-08,initial-dns-seedlist-discovery,53,467,81f74cc6,5ef7b1bc
JAVA,2025-08,load-balancers,8,1533,81f74cc6,5ef7b1bc
JAVA,2025-08,max-staleness,32,965,81f74cc6,5ef7b1bc
JAVA,2025-08,mongodb-handshake,1,54,81f74cc6,5ef7b1bc
JAVA,2025-08,read-write-concern,8,807,81f74cc6,5ef7b1bc
JAVA,2025-08,retryable-reads,45,12102,81f74cc6,5ef7b1bc
JAVA,2025-08,retryable-writes,35,6198,81f74cc6,5ef7b1bc
JAVA,2025-08,run-command,2,660,81f74cc6,5ef7b1bc
JAVA,2025-08,server-discovery-and-monitoring,221,15918,81f74cc6,5ef7b1bc
JAVA,2025-08,server-selection,73,1981,81f74cc6,5ef7b1bc
JAVA,2025-08,sessions,7,1440,81f74cc6,5ef7b1bc
JAVA,2025-08,transactions,40,16665,81f74cc6,5ef7b1bc
JAVA,2025-08,transactions-convenient-api,10,2027,81f74cc6,5ef7b1bc
JAVA,2025-08,unified-test-format,304,6162,81f74cc6,5ef7b1bc
JAVA,2025-08,uri-options,11,1305,81f74cc6,5ef7b1bc
JAVA,2025-08,versioned-api,6,1088,81f74cc6,5ef7b1bc
JAVA,2025-09,atlas-data-lake-testing,7,212,747b1179,eb7f9a25
JAVA,2025-09,auth,2,696,747b1179,eb7f9a25
JAVA,2025-09,change-streams,9,4011,747b1179,eb7f9a25
JAVA,2025-09,client-side-encryption,220,53740,747b1179,eb7f9a25
JAVA,2025-09,client-side-operations-timeout,28,20552,747b1179,eb7f9a25
JAVA,2025-09,collection-management,6,482,747b1179,eb7f9a25
JAVA,2025-09,command-logging-and-monitoring,25,2936,747b1179,eb7f9a25
JAVA,2025-09,connection-monitoring-and-pooling,35,1704,747b1179,eb7f9a25
JAVA,2025-09,connection-string,8,1256,747b1179,eb7f9a25
JAVA,2025-09,crud,189,18682,747b1179,eb7f9a25
JAVA,2025-09,gridfs,8,1152,747b1179,eb7f9a25
JAVA,2025-09,index-management,7,535,747b1179,eb7f9a25
JAVA,2025-09,initial-dns-seedlist-discovery,53,467,747b1179,eb7f9a25
JAVA,2025-09,load-balancers,8,1533,747b1179,eb7f9a25
JAVA,2025-09,max-staleness,32,965,747b1179,eb7f9a25
JAVA,2025-09,mongodb-handshake,1,54,747b1179,eb7f9a25
JAVA,2025-09,read-write-concern,8,807,747b1179,eb7f9a25
JAVA,2025-09,retryable-reads,45,12102,747b1179,eb7f9a25
JAVA,2025-09,retryable-writes,35,6198,747b1179,eb7f9a25
JAVA,2025-09,run-command,2,660,747b1179,eb7f9a25
JAVA,2025-09,server-discovery-and-monitoring,221,15918,747b1179,eb7f9a25
JAVA,2025-09,server-selection,73,1981,747b1179,eb7f9a25
JAVA,2025-09,sessions,7,1440,747b1179,eb7f9a25
JAVA,2025-09,transactions,40,16665,747b1179,eb7f9a25
JAVA,2025-09,transactions-convenient-api,10,2027,747b1179,eb7f9a25
JAVA,2025-09,unified-test-format,304,6162,747b1179,eb7f9a25
JAVA,2025-09,uri-options,11,1305,747b1179,eb7f9a25
JAVA,2025-09,versioned-api,6,1088,747b1179,eb7f9a25
JAVA,2025-10,auth,2,696,feea1ad6,ace53b16
JAVA,2025-10,change-streams,9,4011,feea1ad6,ace53b16
JAVA,2025-10,client-side-encryption,220,53740,feea1ad6,ace53b16
JAVA,2025-10,client-side-operations-timeout,28,20635,feea1ad6,ace53b16
JAVA,2025-10,collection-management,6,482,feea1ad6,ace53b16
JAVA,2025-10,command-logging-and-monitoring,25,2936,feea1ad6,ace53b16
JAVA,2025-10,connection-monitoring-and-pooling,35,1704,feea1ad6,ace53b16
JAVA,2025-10,connection-string,8,1256,feea1ad6,ace53b16
JAVA,2025-10,crud,189,18682,feea1ad6,ace53b16
JAVA,2025-10,gridfs,8,1152,feea1ad6,ace53b16
JAVA,2025-10,index-management,7,535,feea1ad6,ace53b16
JAVA,2025-10,initial-dns-seedlist-discovery,53,467,feea1ad6,ace53b16
JAVA,2025-10,load-balancers,8,1533,feea1ad6,ace53b16
JAVA,2025-10,max-staleness,32,965,feea1ad6,ace53b16
JAVA,2025-10,mongodb-handshake,1,54,feea1ad6,ace53b16
JAVA,2025-10,open-telemetry,22,1856,feea1ad6,ace53b16
JAVA,2025-10,read-write-concern,8,807,feea1ad6,ace53b16
JAVA,2025-10,retryable-reads,45,12102,feea1ad6,ace53b16
JAVA,2025-10,retryable-writes,35,6198,feea1ad6,ace53b16
JAVA,2025-10,run-command,2,660,feea1ad6,ace53b16
JAVA,2025-10,server-discovery-and-monitoring,221,15918,feea1ad6,ace53b16
JAVA,2025-10,server-selection,73,1981,feea1ad6,ace53b16
JAVA,2025-10,sessions,7,1440,feea1ad6,ace53b16
JAVA,2025-10,transactions,40,16665,feea1ad6,ace53b16
JAVA,2025-10,transactions-convenient-api,10,2027,feea1ad6,ace53b16
JAVA,2025-10,unified-test-format,318,6323,feea1ad6,ace53b16
JAVA,2025-10,uri-options,11,1305,feea1ad6,ace53b16
JAVA,2025-10,versioned-api,6,1088,feea1ad6,ace53b16
JAVA,2025-11,auth,2,696,9796f569,ace53b16
JAVA,2025-11,change-streams,9,4011,9796f569,ace53b16
JAVA,2025-11,client-side-encryption,220,53740,9796f569,ace53b16
JAVA,2025-11,client-side-operations-timeout,28,20635,9796f569,ace53b16
JAVA,2025-11,collection-management,6,482,9796f569,ace53b16
JAVA,2025-11,command-logging-and-monitoring,25,2936,9796f569,ace53b16
JAVA,2025-11,connection-monitoring-and-pooling,35,1704,9796f569,ace53b16
JAVA,2025-11,connection-string,8,1256,9796f569,ace53b16
JAVA,2025-11,crud,189,18682,9796f569,ace53b16
JAVA,2025-11,gridfs,8,1152,9796f569,ace53b16
JAVA,2025-11,index-management,7,535,9796f569,ace53b16
JAVA,2025-11,initial-dns-seedlist-discovery,53,467,9796f569,ace53b16
JAVA,2025-11,load-balancers,8,1533,9796f569,ace53b16
JAVA,2025-11,max-staleness,32,965,9796f569,ace53b16
JAVA,2025-11,mongodb-handshake,1,54,9796f569,ace53b16
JAVA,2025-11,open-telemetry,22,1856,9796f569,ace53b16
JAVA,2025-11,read-write-concern,8,807,9796f569,ace53b16
JAVA,2025-11,retryable-reads,45,12102,9796f569,ace53b16
JAVA,2025-11,retryable-writes,35,6198,9796f569,ace53b16
JAVA,2025-11,run-command,2,660,9796f569,ace53b16
JAVA,2025-11,server-discovery-and-monitoring,221,15918,9796f569,ace53b16
JAVA,2025-11,server-selection,73,1981,9796f569,ace53b16
JAVA,2025-11,sessions,7,1440,9796f569,ace53b16
JAVA,2025-11,transactions,40,16665,9796f569,ace53b16
JAVA,2025-11,transactions-convenient-api,10,2027,9796f569,ace53b16
JAVA,2025-11,unified-test-format,318,6323,9796f569,ace53b16
JAVA,2025-11,uri-options,11,1305,9796f569,ace53b16
JAVA,2025-11,versioned-api,6,1088,9796f569,ace53b16
JAVA,2025-12,auth,2,705,74084934,a8d34be0
JAVA,2025-12,change-streams,9,4011,74084934,a8d34be0
JAVA,2025-12,client-side-encryption,220,53740,74084934,a8d34be0
JAVA,2025-12,client-side-operations-timeout,28,20635,74084934,a8d34be0
JAVA,2025-12,collection-management,6,482,74084934,a8d34be0
JAVA,2025-12,command-logging-and-monitoring,25,2936,74084934,a8d34be0
JAVA,2025-12,connection-monitoring-and-pooling,35,1704,74084934,a8d34be0
JAVA,2025-12,connection-string,8,1256,74084934,a8d34be0
JAVA,2025-12,crud,189,18682,74084934,a8d34be0
JAVA,2025-12,gridfs,8,1152,74084934,a8d34be0
JAVA,2025-12,index-management,7,535,74084934,a8d34be0
JAVA,2025-12,initial-dns-seedlist-discovery,53,467,74084934,a8d34be0
JAVA,2025-12,load-balancers,8,1533,74084934,a8d34be0
JAVA,2025-12,max-staleness,32,965,74084934,a8d34be0
JAVA,2025-12,mongodb-handshake,1,54,74084934,a8d34be0
JAVA,2025-12,open-telemetry,22,2008,74084934,a8d34be0
JAVA,2025-12,read-write-concern,8,807,74084934,a8d34be0
JAVA,2025-12,retryable-reads,45,12102,74084934,a8d34be0
JAVA,2025-12,retryable-writes,35,6198,74084934,a8d34be0
JAVA,2025-12,run-command,2,660,74084934,a8d34be0
JAVA,2025-12,server-discovery-and-monitoring,224,16042,74084934,a8d34be0
JAVA,2025-12,server-selection,73,1981,74084934,a8d34be0
JAVA,2025-12,sessions,7,1834,74084934,a8d34be0
JAVA,2025-12,transactions,40,16665,74084934,a8d34be0
JAVA,2025-12,transactions-convenient-api,10,2027,74084934,a8d34be0
JAVA,2025-12,unified-test-format,318,6323,74084934,a8d34be0
JAVA,2025-12,uri-options,11,1305,74084934,a8d34be0
JAVA,2025-12,versioned-api,6,1088,74084934,a8d34be0
JAVA,2026-01,auth,2,705,55600120,de684cf1
JAVA,2026-01,change-streams,9,4011,55600120,de684cf1
JAVA,2026-01,client-side-encryption,220,53740,55600120,de684cf1
JAVA,2026-01,client-side-operations-timeout,28,20635,55600120,de684cf1
JAVA,2026-01,collection-management,6,482,55600120,de684cf1
JAVA,2026-01,command-logging-and-monitoring,25,3059,55600120,de684cf1
JAVA,2026-01,connection-monitoring-and-pooling,35,1704,55600120,de684cf1
JAVA,2026-01,connection-string,8,1256,55600120,de684cf1
JAVA,2026-01,crud,189,18682,55600120,de684cf1
JAVA,2026-01,gridfs,8,1152,55600120,de684cf1
JAVA,2026-01,index-management,7,535,55600120,de684cf1
JAVA,2026-01,initial-dns-seedlist-discovery,53,467,55600120,de684cf1
JAVA,2026-01,load-balancers,8,1533,55600120,de684cf1
JAVA,2026-01,max-staleness,32,965,55600120,de684cf1
JAVA,2026-01,mongodb-handshake,1,55,55600120,de684cf1
JAVA,2026-01,open-telemetry,22,2008,55600120,de684cf1
JAVA,2026-01,read-write-concern,8,807,55600120,de684cf1
JAVA,2026-01,retryable-reads,45,12102,55600120,de684cf1
JAVA,2026-01,retryable-writes,35,6198,55600120,de684cf1
JAVA,2026-01,run-command,2,660,55600120,de684cf1
JAVA,2026-01,server-discovery-and-monitoring,226,16199,55600120,de684cf1
JAVA,2026-01,server-selection,98,2627,55600120,de684cf1
JAVA,2026-01,sessions,7,1834,55600120,de684cf1
JAVA,2026-01,transactions,40,16665,55600120,de684cf1
JAVA,2026-01,transactions-convenient-api,10,2027,55600120,de684cf1
JAVA,2026-01,unified-test-format,318,6323,55600120,de684cf1
JAVA,2026-01,uri-options,11,1305,55600120,de684cf1
JAVA,2026-01,versioned-api,6,1088,55600120,de684cf1
JAVA,2026-02,auth,2,711,7a271caf,bb9dddd8
JAVA,2026-02,change-streams,9,4011,7a271caf,bb9dddd8
JAVA,2026-02,client-side-encryption,220,53740,7a271caf,bb9dddd8
JAVA,2026-02,client-side-operations-timeout,28,20635,7a271caf,bb9dddd8
JAVA,2026-02,collection-management,6,482,7a271caf,bb9dddd8
JAVA,2026-02,command-logging-and-monitoring,25,3059,7a271caf,bb9dddd8
JAVA,2026-02,connection-monitoring-and-pooling,35,1704,7a271caf,bb9dddd8
JAVA,2026-02,connection-string,8,1256,7a271caf,bb9dddd8
JAVA,2026-02,crud,189,18682,7a271caf,bb9dddd8
JAVA,2026-02,gridfs,8,1152,7a271caf,bb9dddd8
JAVA,2026-02,index-management,7,535,7a271caf,bb9dddd8
JAVA,2026-02,initial-dns-seedlist-discovery,53,467,7a271caf,bb9dddd8
JAVA,2026-02,load-balancers,8,1533,7a271caf,bb9dddd8
JAVA,2026-02,max-staleness,32,965,7a271caf,bb9dddd8
JAVA,2026-02,mongodb-handshake,1,55,7a271caf,bb9dddd8
JAVA,2026-02,open-telemetry,22,2008,7a271caf,bb9dddd8
JAVA,2026-02,read-write-concern,8,807,7a271caf,bb9dddd8
JAVA,2026-02,retryable-reads,45,12102,7a271caf,bb9dddd8
JAVA,2026-02,retryable-writes,35,6198,7a271caf,bb9dddd8
JAVA,2026-02,run-command,2,660,7a271caf,bb9dddd8
JAVA,2026-02,server-discovery-and-monitoring,226,16199,7a271caf,bb9dddd8
JAVA,2026-02,server-selection,99,2663,7a271caf,bb9dddd8
JAVA,2026-02,sessions,7,1834,7a271caf,bb9dddd8
JAVA,2026-02,transactions,40,16665,7a271caf,bb9dddd8
JAVA,2026-02,transactions-convenient-api,10,2027,7a271caf,bb9dddd8
JAVA,2026-02,unified-test-format,318,6323,7a271caf,bb9dddd8
JAVA,2026-02,uri-options,11,1305,7a271caf,bb9dddd8
JAVA,2026-02,versioned-api,6,1088,7a271caf,bb9dddd8
JAVA,2026-03,auth,2,711,6c4ab1b3,c3c82b62
JAVA,2026-03,change-streams,9,4011,6c4ab1b3,c3c82b62
JAVA,2026-03,client-backpressure,4,3984,6c4ab1b3,c3c82b62
JAVA,2026-03,client-side-encryption,222,53961,6c4ab1b3,c3c82b62
JAVA,2026-03,client-side-operations-timeout,28,20686,6c4ab1b3,c3c82b62
JAVA,2026-03,collection-management,6,482,6c4ab1b3,c3c82b62
JAVA,2026-03,command-logging-and-monitoring,25,3059,6c4ab1b3,c3c82b62
JAVA,2026-03,connection-monitoring-and-pooling,35,1704,6c4ab1b3,c3c82b62
JAVA,2026-03,connection-string,8,1256,6c4ab1b3,c3c82b62
JAVA,2026-03,crud,189,18682,6c4ab1b3,c3c82b62
JAVA,2026-03,gridfs,8,1152,6c4ab1b3,c3c82b62
JAVA,2026-03,index-management,7,535,6c4ab1b3,c3c82b62
JAVA,2026-03,initial-dns-seedlist-discovery,53,467,6c4ab1b3,c3c82b62
JAVA,2026-03,load-balancers,8,1533,6c4ab1b3,c3c82b62
JAVA,2026-03,max-staleness,32,965,6c4ab1b3,c3c82b62
JAVA,2026-03,mongodb-handshake,1,55,6c4ab1b3,c3c82b62
JAVA,2026-03,open-telemetry,22,2008,6c4ab1b3,c3c82b62
JAVA,2026-03,read-write-concern,8,807,6c4ab1b3,c3c82b62
JAVA,2026-03,retryable-reads,45,12102,6c4ab1b3,c3c82b62
JAVA,2026-03,retryable-writes,35,6198,6c4ab1b3,c3c82b62
JAVA,2026-03,run-command,2,660,6c4ab1b3,c3c82b62
JAVA,2026-03,server-discovery-and-monitoring,230,16647,6c4ab1b3,c3c82b62
JAVA,2026-03,server-selection,108,2917,6c4ab1b3,c3c82b62
JAVA,2026-03,sessions,7,1834,6c4ab1b3,c3c82b62
JAVA,2026-03,transactions,44,17546,6c4ab1b3,c3c82b62
JAVA,2026-03,transactions-convenient-api,10,2027,6c4ab1b3,c3c82b62
JAVA,2026-03,unified-test-format,320,6353,6c4ab1b3,c3c82b62
JAVA,2026-03,uri-options,12,1332,6c4ab1b3,c3c82b62
JAVA,2026-03,versioned-api,6,1088,6c4ab1b3,c3c82b62
JAVA,2026-04,auth,2,711,e9c0c4b0,7039e699
JAVA,2026-04,change-streams,9,4044,e9c0c4b0,7039e699
JAVA,2026-04,client-backpressure,4,3434,e9c0c4b0,7039e699
JAVA,2026-04,client-side-encryption,223,54199,e9c0c4b0,7039e699
JAVA,2026-04,client-side-operations-timeout,28,20686,e9c0c4b0,7039e699
JAVA,2026-04,collection-management,6,482,e9c0c4b0,7039e699
JAVA,2026-04,command-logging-and-monitoring,25,3059,e9c0c4b0,7039e699
JAVA,2026-04,connection-monitoring-and-pooling,35,1704,e9c0c4b0,7039e699
JAVA,2026-04,connection-string,8,1256,e9c0c4b0,7039e699
JAVA,2026-04,crud,189,18682,e9c0c4b0,7039e699
JAVA,2026-04,gridfs,8,1152,e9c0c4b0,7039e699
JAVA,2026-04,index-management,7,535,e9c0c4b0,7039e699
JAVA,2026-04,initial-dns-seedlist-discovery,53,467,e9c0c4b0,7039e699
JAVA,2026-04,load-balancers,8,1533,e9c0c4b0,7039e699
JAVA,2026-04,max-staleness,32,965,e9c0c4b0,7039e699
JAVA,2026-04,mongodb-handshake,1,55,e9c0c4b0,7039e699
JAVA,2026-04,open-telemetry,22,2008,e9c0c4b0,7039e699
JAVA,2026-04,read-write-concern,8,807,e9c0c4b0,7039e699
JAVA,2026-04,retryable-reads,45,12102,e9c0c4b0,7039e699
JAVA,2026-04,retryable-writes,35,6198,e9c0c4b0,7039e699
JAVA,2026-04,run-command,2,660,e9c0c4b0,7039e699
JAVA,2026-04,server-discovery-and-monitoring,230,16647,e9c0c4b0,7039e699
JAVA,2026-04,server-selection,108,2917,e9c0c4b0,7039e699
JAVA,2026-04,sessions,7,1834,e9c0c4b0,7039e699
JAVA,2026-04,transactions,44,17522,e9c0c4b0,7039e699
JAVA,2026-04,transactions-convenient-api,10,2027,e9c0c4b0,7039e699
JAVA,2026-04,unified-test-format,320,6353,e9c0c4b0,7039e699
JAVA,2026-04,uri-options,12,1358,e9c0c4b0,7039e699
JAVA,2026-04,versioned-api,6,1088,e9c0c4b0,7039e699
JAVA,2026-05,auth,2,711,e9c0c4b0,7039e699
JAVA,2026-05,change-streams,9,4044,e9c0c4b0,7039e699
JAVA,2026-05,client-backpressure,4,3434,e9c0c4b0,7039e699
JAVA,2026-05,client-side-encryption,223,54199,e9c0c4b0,7039e699
JAVA,2026-05,client-side-operations-timeout,28,20686,e9c0c4b0,7039e699
JAVA,2026-05,collection-management,6,482,e9c0c4b0,7039e699
JAVA,2026-05,command-logging-and-monitoring,25,3059,e9c0c4b0,7039e699
JAVA,2026-05,connection-monitoring-and-pooling,35,1704,e9c0c4b0,7039e699
JAVA,2026-05,connection-string,8,1256,e9c0c4b0,7039e699
JAVA,2026-05,crud,189,18682,e9c0c4b0,7039e699
JAVA,2026-05,gridfs,8,1152,e9c0c4b0,7039e699
JAVA,2026-05,index-management,7,535,e9c0c4b0,7039e699
JAVA,2026-05,initial-dns-seedlist-discovery,53,467,e9c0c4b0,7039e699
JAVA,2026-05,load-balancers,8,1533,e9c0c4b0,7039e699
JAVA,2026-05,max-staleness,32,965,e9c0c4b0,7039e699
JAVA,2026-05,mongodb-handshake,1,55,e9c0c4b0,7039e699
JAVA,2026-05,open-telemetry,22,2008,e9c0c4b0,7039e699
JAVA,2026-05,read-write-concern,8,807,e9c0c4b0,7039e699
JAVA,2026-05,retryable-reads,45,12102,e9c0c4b0,7039e699
JAVA,2026-05,retryable-writes,35,6198,e9c0c4b0,7039e699
JAVA,2026-05,run-command,2,660,e9c0c4b0,7039e699
JAVA,2026-05,server-discovery-and-monitoring,230,16647,e9c0c4b0,7039e699
JAVA,2026-05,server-selection,108,2917,e9c0c4b0,7039e699
JAVA,2026-05,sessions,7,1834,e9c0c4b0,7039e699
JAVA,2026-05,transactions,44,17522,e9c0c4b0,7039e699
JAVA,2026-05,transactions-convenient-api,10,2027,e9c0c4b0,7039e699
JAVA,2026-05,unified-test-format,320,6353,e9c0c4b0,7039e699
JAVA,2026-05,uri-options,12,1358,e9c0c4b0,7039e699
JAVA,2026-05,versioned-api,6,1088,e9c0c4b0,7039e699
GODRIVER,2017-02,command-monitoring,9,784,a8c90b1f,deff67d6
GODRIVER,2017-02,connection-string,7,1069,a8c90b1f,deff67d6
GODRIVER,2017-02,crud,32,1431,a8c90b1f,deff67d6
GODRIVER,2017-02,gridfs,4,562,a8c90b1f,deff67d6
GODRIVER,2017-02,max-staleness,35,1026,a8c90b1f,deff67d6
GODRIVER,2017-02,read-write-concern,4,214,a8c90b1f,deff67d6
GODRIVER,2017-02,server-discovery-and-monitoring,57,2959,a8c90b1f,deff67d6
GODRIVER,2017-02,server-selection,40,834,a8c90b1f,deff67d6
GODRIVER,2017-03,command-monitoring,9,784,571ef9f5,deff67d6
GODRIVER,2017-03,connection-string,7,1069,571ef9f5,deff67d6
GODRIVER,2017-03,crud,32,1431,571ef9f5,deff67d6
GODRIVER,2017-03,gridfs,4,562,571ef9f5,deff67d6
GODRIVER,2017-03,max-staleness,35,1026,571ef9f5,deff67d6
GODRIVER,2017-03,read-write-concern,4,214,571ef9f5,deff67d6
GODRIVER,2017-03,server-discovery-and-monitoring,57,2959,571ef9f5,deff67d6
GODRIVER,2017-03,server-selection,40,834,571ef9f5,deff67d6
GODRIVER,2017-04,command-monitoring,9,784,f1f066e6,deff67d6
GODRIVER,2017-04,connection-string,7,1069,f1f066e6,deff67d6
GODRIVER,2017-04,crud,32,1431,f1f066e6,deff67d6
GODRIVER,2017-04,gridfs,4,562,f1f066e6,deff67d6
GODRIVER,2017-04,max-staleness,35,1026,f1f066e6,deff67d6
GODRIVER,2017-04,read-write-concern,4,214,f1f066e6,deff67d6
GODRIVER,2017-04,server-discovery-and-monitoring,57,2959,f1f066e6,deff67d6
GODRIVER,2017-04,server-selection,40,834,f1f066e6,deff67d6
GODRIVER,2017-05,command-monitoring,9,784,79289c99,deff67d6
GODRIVER,2017-05,connection-string,7,1069,79289c99,deff67d6
GODRIVER,2017-05,crud,32,1431,79289c99,deff67d6
GODRIVER,2017-05,gridfs,4,562,79289c99,deff67d6
GODRIVER,2017-05,max-staleness,35,1026,79289c99,deff67d6
GODRIVER,2017-05,read-write-concern,4,214,79289c99,deff67d6
GODRIVER,2017-05,server-discovery-and-monitoring,57,2959,79289c99,deff67d6
GODRIVER,2017-05,server-selection,40,834,79289c99,deff67d6
GODRIVER,2017-06,command-monitoring,9,784,79289c99,deff67d6
GODRIVER,2017-06,connection-string,7,1069,79289c99,deff67d6
GODRIVER,2017-06,crud,32,1431,79289c99,deff67d6
GODRIVER,2017-06,gridfs,4,562,79289c99,deff67d6
GODRIVER,2017-06,max-staleness,35,1026,79289c99,deff67d6
GODRIVER,2017-06,read-write-concern,4,214,79289c99,deff67d6
GODRIVER,2017-06,server-discovery-and-monitoring,57,2959,79289c99,deff67d6
GODRIVER,2017-06,server-selection,40,834,79289c99,deff67d6
GODRIVER,2017-07,command-monitoring,9,784,0f97f2ba,deff67d6
GODRIVER,2017-07,connection-string,7,1069,0f97f2ba,deff67d6
GODRIVER,2017-07,crud,32,1431,0f97f2ba,deff67d6
GODRIVER,2017-07,gridfs,4,562,0f97f2ba,deff67d6
GODRIVER,2017-07,max-staleness,35,1026,0f97f2ba,deff67d6
GODRIVER,2017-07,read-write-concern,4,214,0f97f2ba,deff67d6
GODRIVER,2017-07,server-discovery-and-monitoring,57,2959,0f97f2ba,deff67d6
GODRIVER,2017-07,server-selection,40,834,0f97f2ba,deff67d6
GODRIVER,2017-08,command-monitoring,9,784,0373c313,deff67d6
GODRIVER,2017-08,connection-string,7,1069,0373c313,deff67d6
GODRIVER,2017-08,crud,32,1431,0373c313,deff67d6
GODRIVER,2017-08,gridfs,4,562,0373c313,deff67d6
GODRIVER,2017-08,max-staleness,35,1026,0373c313,deff67d6
GODRIVER,2017-08,read-write-concern,4,214,0373c313,deff67d6
GODRIVER,2017-08,server-discovery-and-monitoring,57,2959,0373c313,deff67d6
GODRIVER,2017-08,server-selection,40,834,0373c313,deff67d6
GODRIVER,2017-09,command-monitoring,9,784,7628174b,deff67d6
GODRIVER,2017-09,connection-string,7,1069,7628174b,deff67d6
GODRIVER,2017-09,crud,32,1431,7628174b,deff67d6
GODRIVER,2017-09,gridfs,4,562,7628174b,deff67d6
GODRIVER,2017-09,max-staleness,35,1026,7628174b,deff67d6
GODRIVER,2017-09,read-write-concern,4,214,7628174b,deff67d6
GODRIVER,2017-09,server-discovery-and-monitoring,57,2959,7628174b,deff67d6
GODRIVER,2017-09,server-selection,40,834,7628174b,deff67d6
GODRIVER,2025-04,atlas-data-lake-testing,7,212,dbe0acc8,43d2c7ba
GODRIVER,2025-04,auth,2,696,dbe0acc8,43d2c7ba
GODRIVER,2025-04,change-streams,9,4011,dbe0acc8,43d2c7ba
GODRIVER,2025-04,client-side-encryption,115,28597,dbe0acc8,43d2c7ba
GODRIVER,2025-04,client-side-operations-timeout,28,20447,dbe0acc8,43d2c7ba
GODRIVER,2025-04,collection-management,5,436,dbe0acc8,43d2c7ba
GODRIVER,2025-04,command-logging-and-monitoring,25,2936,dbe0acc8,43d2c7ba
GODRIVER,2025-04,connection-monitoring-and-pooling,35,1704,dbe0acc8,43d2c7ba
GODRIVER,2025-04,connection-string,8,1256,dbe0acc8,43d2c7ba
GODRIVER,2025-04,crud,164,17144,dbe0acc8,43d2c7ba
GODRIVER,2025-04,gridfs,8,1152,dbe0acc8,43d2c7ba
GODRIVER,2025-04,index-management,6,443,dbe0acc8,43d2c7ba
GODRIVER,2025-04,initial-dns-seedlist-discovery,53,467,dbe0acc8,43d2c7ba
GODRIVER,2025-04,load-balancers,8,1533,dbe0acc8,43d2c7ba
GODRIVER,2025-04,max-staleness,32,965,dbe0acc8,43d2c7ba
GODRIVER,2025-04,read-write-concern,8,807,dbe0acc8,43d2c7ba
GODRIVER,2025-04,retryable-reads,45,12102,dbe0acc8,43d2c7ba
GODRIVER,2025-04,retryable-writes,35,6198,dbe0acc8,43d2c7ba
GODRIVER,2025-04,run-command,2,660,dbe0acc8,43d2c7ba
GODRIVER,2025-04,server-discovery-and-monitoring,221,15918,dbe0acc8,43d2c7ba
GODRIVER,2025-04,server-selection,73,1981,dbe0acc8,43d2c7ba
GODRIVER,2025-04,sessions,7,1440,dbe0acc8,43d2c7ba
GODRIVER,2025-04,transactions,40,16665,dbe0acc8,43d2c7ba
GODRIVER,2025-04,transactions-convenient-api,10,2027,dbe0acc8,43d2c7ba
GODRIVER,2025-04,unified-test-format,315,6298,dbe0acc8,43d2c7ba
GODRIVER,2025-04,uri-options,11,1305,dbe0acc8,43d2c7ba
GODRIVER,2025-04,versioned-api,6,1088,dbe0acc8,43d2c7ba
GODRIVER,2025-05,atlas-data-lake-testing,7,212,579a2659,1c1500ad
GODRIVER,2025-05,auth,2,696,579a2659,1c1500ad
GODRIVER,2025-05,change-streams,9,4011,579a2659,1c1500ad
GODRIVER,2025-05,client-side-encryption,119,28845,579a2659,1c1500ad
GODRIVER,2025-05,client-side-operations-timeout,28,20447,579a2659,1c1500ad
GODRIVER,2025-05,collection-management,5,436,579a2659,1c1500ad
GODRIVER,2025-05,command-logging-and-monitoring,25,2936,579a2659,1c1500ad
GODRIVER,2025-05,connection-monitoring-and-pooling,35,1704,579a2659,1c1500ad
GODRIVER,2025-05,connection-string,8,1256,579a2659,1c1500ad
GODRIVER,2025-05,crud,164,17144,579a2659,1c1500ad
GODRIVER,2025-05,gridfs,8,1152,579a2659,1c1500ad
GODRIVER,2025-05,index-management,6,443,579a2659,1c1500ad
GODRIVER,2025-05,initial-dns-seedlist-discovery,53,467,579a2659,1c1500ad
GODRIVER,2025-05,load-balancers,8,1533,579a2659,1c1500ad
GODRIVER,2025-05,max-staleness,32,965,579a2659,1c1500ad
GODRIVER,2025-05,read-write-concern,8,807,579a2659,1c1500ad
GODRIVER,2025-05,retryable-reads,45,12102,579a2659,1c1500ad
GODRIVER,2025-05,retryable-writes,35,6198,579a2659,1c1500ad
GODRIVER,2025-05,run-command,2,660,579a2659,1c1500ad
GODRIVER,2025-05,server-discovery-and-monitoring,221,15918,579a2659,1c1500ad
GODRIVER,2025-05,server-selection,73,1981,579a2659,1c1500ad
GODRIVER,2025-05,sessions,7,1440,579a2659,1c1500ad
GODRIVER,2025-05,transactions,40,16665,579a2659,1c1500ad
GODRIVER,2025-05,transactions-convenient-api,10,2027,579a2659,1c1500ad
GODRIVER,2025-05,unified-test-format,315,6309,579a2659,1c1500ad
GODRIVER,2025-05,uri-options,11,1305,579a2659,1c1500ad
GODRIVER,2025-05,versioned-api,6,1088,579a2659,1c1500ad
GODRIVER,2025-06,atlas-data-lake-testing,7,212,aa5b2d93,db693517
GODRIVER,2025-06,auth,2,696,aa5b2d93,db693517
GODRIVER,2025-06,change-streams,9,4011,aa5b2d93,db693517
GODRIVER,2025-06,client-side-encryption,119,28845,aa5b2d93,db693517
GODRIVER,2025-06,client-side-operations-timeout,28,20447,aa5b2d93,db693517
GODRIVER,2025-06,collection-management,5,436,aa5b2d93,db693517
GODRIVER,2025-06,command-logging-and-monitoring,25,2936,aa5b2d93,db693517
GODRIVER,2025-06,connection-monitoring-and-pooling,35,1704,aa5b2d93,db693517
GODRIVER,2025-06,connection-string,8,1256,aa5b2d93,db693517
GODRIVER,2025-06,crud,164,17144,aa5b2d93,db693517
GODRIVER,2025-06,gridfs,8,1152,aa5b2d93,db693517
GODRIVER,2025-06,index-management,6,443,aa5b2d93,db693517
GODRIVER,2025-06,initial-dns-seedlist-discovery,53,467,aa5b2d93,db693517
GODRIVER,2025-06,load-balancers,8,1533,aa5b2d93,db693517
GODRIVER,2025-06,max-staleness,32,965,aa5b2d93,db693517
GODRIVER,2025-06,mongodb-handshake,1,54,aa5b2d93,db693517
GODRIVER,2025-06,read-write-concern,8,807,aa5b2d93,db693517
GODRIVER,2025-06,retryable-reads,45,12102,aa5b2d93,db693517
GODRIVER,2025-06,retryable-writes,35,6198,aa5b2d93,db693517
GODRIVER,2025-06,run-command,2,660,aa5b2d93,db693517
GODRIVER,2025-06,server-discovery-and-monitoring,221,15918,aa5b2d93,db693517
GODRIVER,2025-06,server-selection,73,1981,aa5b2d93,db693517
GODRIVER,2025-06,sessions,7,1440,aa5b2d93,db693517
GODRIVER,2025-06,transactions,40,16665,aa5b2d93,db693517
GODRIVER,2025-06,transactions-convenient-api,10,2027,aa5b2d93,db693517
GODRIVER,2025-06,unified-test-format,302,6145,aa5b2d93,db693517
GODRIVER,2025-06,uri-options,11,1305,aa5b2d93,db693517
GODRIVER,2025-06,versioned-api,6,1088,aa5b2d93,db693517
GODRIVER,2025-08,atlas-data-lake-testing,7,212,11083c55,5ef7b1bc
GODRIVER,2025-08,auth,2,696,11083c55,5ef7b1bc
GODRIVER,2025-08,change-streams,9,4011,11083c55,5ef7b1bc
GODRIVER,2025-08,client-side-encryption,124,30012,11083c55,5ef7b1bc
GODRIVER,2025-08,client-side-operations-timeout,28,20552,11083c55,5ef7b1bc
GODRIVER,2025-08,collection-management,6,482,11083c55,5ef7b1bc
GODRIVER,2025-08,command-logging-and-monitoring,25,2936,11083c55,5ef7b1bc
GODRIVER,2025-08,connection-monitoring-and-pooling,35,1704,11083c55,5ef7b1bc
GODRIVER,2025-08,connection-string,8,1256,11083c55,5ef7b1bc
GODRIVER,2025-08,crud,190,18804,11083c55,5ef7b1bc
GODRIVER,2025-08,gridfs,8,1152,11083c55,5ef7b1bc
GODRIVER,2025-08,index-management,7,535,11083c55,5ef7b1bc
GODRIVER,2025-08,initial-dns-seedlist-discovery,53,467,11083c55,5ef7b1bc
GODRIVER,2025-08,load-balancers,8,1533,11083c55,5ef7b1bc
GODRIVER,2025-08,max-staleness,32,965,11083c55,5ef7b1bc
GODRIVER,2025-08,mongodb-handshake,1,54,11083c55,5ef7b1bc
GODRIVER,2025-08,read-write-concern,8,807,11083c55,5ef7b1bc
GODRIVER,2025-08,retryable-reads,45,12102,11083c55,5ef7b1bc
GODRIVER,2025-08,retryable-writes,35,6198,11083c55,5ef7b1bc
GODRIVER,2025-08,run-command,2,660,11083c55,5ef7b1bc
GODRIVER,2025-08,server-discovery-and-monitoring,221,15918,11083c55,5ef7b1bc
GODRIVER,2025-08,server-selection,73,1981,11083c55,5ef7b1bc
GODRIVER,2025-08,sessions,7,1440,11083c55,5ef7b1bc
GODRIVER,2025-08,transactions,40,16665,11083c55,5ef7b1bc
GODRIVER,2025-08,transactions-convenient-api,10,2027,11083c55,5ef7b1bc
GODRIVER,2025-08,unified-test-format,304,6162,11083c55,5ef7b1bc
GODRIVER,2025-08,uri-options,11,1305,11083c55,5ef7b1bc
GODRIVER,2025-08,versioned-api,6,1088,11083c55,5ef7b1bc
GODRIVER,2025-09,auth,2,696,957d13ab,4a46628a
GODRIVER,2025-09,change-streams,9,4011,957d13ab,4a46628a
GODRIVER,2025-09,client-side-encryption,220,53740,957d13ab,4a46628a
GODRIVER,2025-09,client-side-operations-timeout,28,20635,957d13ab,4a46628a
GODRIVER,2025-09,collection-management,6,482,957d13ab,4a46628a
GODRIVER,2025-09,command-logging-and-monitoring,25,2936,957d13ab,4a46628a
GODRIVER,2025-09,connection-monitoring-and-pooling,35,1704,957d13ab,4a46628a
GODRIVER,2025-09,connection-string,8,1256,957d13ab,4a46628a
GODRIVER,2025-09,crud,189,18682,957d13ab,4a46628a
GODRIVER,2025-09,gridfs,8,1152,957d13ab,4a46628a
GODRIVER,2025-09,index-management,7,535,957d13ab,4a46628a
GODRIVER,2025-09,initial-dns-seedlist-discovery,53,467,957d13ab,4a46628a
GODRIVER,2025-09,load-balancers,8,1533,957d13ab,4a46628a
GODRIVER,2025-09,max-staleness,32,965,957d13ab,4a46628a
GODRIVER,2025-09,mongodb-handshake,1,54,957d13ab,4a46628a
GODRIVER,2025-09,read-write-concern,8,807,957d13ab,4a46628a
GODRIVER,2025-09,retryable-reads,45,12102,957d13ab,4a46628a
GODRIVER,2025-09,retryable-writes,35,6198,957d13ab,4a46628a
GODRIVER,2025-09,run-command,2,660,957d13ab,4a46628a
GODRIVER,2025-09,server-discovery-and-monitoring,221,15918,957d13ab,4a46628a
GODRIVER,2025-09,server-selection,73,1981,957d13ab,4a46628a
GODRIVER,2025-09,sessions,7,1440,957d13ab,4a46628a
GODRIVER,2025-09,transactions,40,16665,957d13ab,4a46628a
GODRIVER,2025-09,transactions-convenient-api,10,2027,957d13ab,4a46628a
GODRIVER,2025-09,unified-test-format,304,6162,957d13ab,4a46628a
GODRIVER,2025-09,uri-options,11,1305,957d13ab,4a46628a
GODRIVER,2025-09,versioned-api,6,1088,957d13ab,4a46628a
GODRIVER,2025-11,auth,2,696,4c1a3970,4a46628a
GODRIVER,2025-11,change-streams,9,4011,4c1a3970,4a46628a
GODRIVER,2025-11,client-side-encryption,220,53740,4c1a3970,4a46628a
GODRIVER,2025-11,client-side-operations-timeout,28,20635,4c1a3970,4a46628a
GODRIVER,2025-11,collection-management,6,482,4c1a3970,4a46628a
GODRIVER,2025-11,command-logging-and-monitoring,25,2936,4c1a3970,4a46628a
GODRIVER,2025-11,connection-monitoring-and-pooling,35,1704,4c1a3970,4a46628a
GODRIVER,2025-11,connection-string,8,1256,4c1a3970,4a46628a
GODRIVER,2025-11,crud,189,18682,4c1a3970,4a46628a
GODRIVER,2025-11,gridfs,8,1152,4c1a3970,4a46628a
GODRIVER,2025-11,index-management,7,535,4c1a3970,4a46628a
GODRIVER,2025-11,initial-dns-seedlist-discovery,53,467,4c1a3970,4a46628a
GODRIVER,2025-11,load-balancers,8,1533,4c1a3970,4a46628a
GODRIVER,2025-11,max-staleness,32,965,4c1a3970,4a46628a
GODRIVER,2025-11,mongodb-handshake,1,54,4c1a3970,4a46628a
GODRIVER,2025-11,read-write-concern,8,807,4c1a3970,4a46628a
GODRIVER,2025-11,retryable-reads,45,12102,4c1a3970,4a46628a
GODRIVER,2025-11,retryable-writes,35,6198,4c1a3970,4a46628a
GODRIVER,2025-11,run-command,2,660,4c1a3970,4a46628a
GODRIVER,2025-11,server-discovery-and-monitoring,221,15918,4c1a3970,4a46628a
GODRIVER,2025-11,server-selection,73,1981,4c1a3970,4a46628a
GODRIVER,2025-11,sessions,7,1440,4c1a3970,4a46628a
GODRIVER,2025-11,transactions,40,16665,4c1a3970,4a46628a
GODRIVER,2025-11,transactions-convenient-api,10,2027,4c1a3970,4a46628a
GODRIVER,2025-11,unified-test-format,304,6162,4c1a3970,4a46628a
GODRIVER,2025-11,uri-options,11,1305,4c1a3970,4a46628a
GODRIVER,2025-11,versioned-api,6,1088,4c1a3970,4a46628a
GODRIVER,2025-12,auth,2,705,63b8e2d6,192976b1
GODRIVER,2025-12,change-streams,9,4011,63b8e2d6,192976b1
GODRIVER,2025-12,client-side-encryption,220,53740,63b8e2d6,192976b1
GODRIVER,2025-12,client-side-operations-timeout,28,20635,63b8e2d6,192976b1
GODRIVER,2025-12,collection-management,6,482,63b8e2d6,192976b1
GODRIVER,2025-12,command-logging-and-monitoring,25,2936,63b8e2d6,192976b1
GODRIVER,2025-12,connection-monitoring-and-pooling,35,1704,63b8e2d6,192976b1
GODRIVER,2025-12,connection-string,8,1256,63b8e2d6,192976b1
GODRIVER,2025-12,crud,189,18682,63b8e2d6,192976b1
GODRIVER,2025-12,gridfs,8,1152,63b8e2d6,192976b1
GODRIVER,2025-12,index-management,7,535,63b8e2d6,192976b1
GODRIVER,2025-12,initial-dns-seedlist-discovery,53,467,63b8e2d6,192976b1
GODRIVER,2025-12,load-balancers,8,1533,63b8e2d6,192976b1
GODRIVER,2025-12,max-staleness,32,965,63b8e2d6,192976b1
GODRIVER,2025-12,mongodb-handshake,1,54,63b8e2d6,192976b1
GODRIVER,2025-12,open-telemetry,22,2008,63b8e2d6,192976b1
GODRIVER,2025-12,read-write-concern,8,807,63b8e2d6,192976b1
GODRIVER,2025-12,retryable-reads,45,12102,63b8e2d6,192976b1
GODRIVER,2025-12,retryable-writes,35,6198,63b8e2d6,192976b1
GODRIVER,2025-12,run-command,2,660,63b8e2d6,192976b1
GODRIVER,2025-12,server-discovery-and-monitoring,224,16036,63b8e2d6,192976b1
GODRIVER,2025-12,server-selection,98,2627,63b8e2d6,192976b1
GODRIVER,2025-12,sessions,7,1834,63b8e2d6,192976b1
GODRIVER,2025-12,transactions,40,16665,63b8e2d6,192976b1
GODRIVER,2025-12,transactions-convenient-api,10,2027,63b8e2d6,192976b1
GODRIVER,2025-12,unified-test-format,318,6323,63b8e2d6,192976b1
GODRIVER,2025-12,uri-options,11,1305,63b8e2d6,192976b1
GODRIVER,2025-12,versioned-api,6,1088,63b8e2d6,192976b1
GODRIVER,2026-01,auth,2,705,57e59b14,9e2acc6c
GODRIVER,2026-01,change-streams,9,4011,57e59b14,9e2acc6c
GODRIVER,2026-01,client-side-encryption,220,53740,57e59b14,9e2acc6c
GODRIVER,2026-01,client-side-operations-timeout,28,20635,57e59b14,9e2acc6c
GODRIVER,2026-01,collection-management,6,482,57e59b14,9e2acc6c
GODRIVER,2026-01,command-logging-and-monitoring,25,3059,57e59b14,9e2acc6c
GODRIVER,2026-01,connection-monitoring-and-pooling,35,1704,57e59b14,9e2acc6c
GODRIVER,2026-01,connection-string,8,1256,57e59b14,9e2acc6c
GODRIVER,2026-01,crud,189,18682,57e59b14,9e2acc6c
GODRIVER,2026-01,gridfs,8,1152,57e59b14,9e2acc6c
GODRIVER,2026-01,index-management,7,535,57e59b14,9e2acc6c
GODRIVER,2026-01,initial-dns-seedlist-discovery,53,467,57e59b14,9e2acc6c
GODRIVER,2026-01,load-balancers,8,1533,57e59b14,9e2acc6c
GODRIVER,2026-01,max-staleness,32,965,57e59b14,9e2acc6c
GODRIVER,2026-01,mongodb-handshake,1,55,57e59b14,9e2acc6c
GODRIVER,2026-01,open-telemetry,22,2008,57e59b14,9e2acc6c
GODRIVER,2026-01,read-write-concern,8,807,57e59b14,9e2acc6c
GODRIVER,2026-01,retryable-reads,45,12102,57e59b14,9e2acc6c
GODRIVER,2026-01,retryable-writes,35,6198,57e59b14,9e2acc6c
GODRIVER,2026-01,run-command,2,660,57e59b14,9e2acc6c
GODRIVER,2026-01,server-discovery-and-monitoring,226,16199,57e59b14,9e2acc6c
GODRIVER,2026-01,server-selection,99,2663,57e59b14,9e2acc6c
GODRIVER,2026-01,sessions,7,1834,57e59b14,9e2acc6c
GODRIVER,2026-01,transactions,40,16665,57e59b14,9e2acc6c
GODRIVER,2026-01,transactions-convenient-api,10,2027,57e59b14,9e2acc6c
GODRIVER,2026-01,unified-test-format,318,6323,57e59b14,9e2acc6c
GODRIVER,2026-01,uri-options,11,1305,57e59b14,9e2acc6c
GODRIVER,2026-01,versioned-api,6,1088,57e59b14,9e2acc6c
GODRIVER,2026-02,auth,2,705,779c2843,9e2acc6c
GODRIVER,2026-02,change-streams,9,4011,779c2843,9e2acc6c
GODRIVER,2026-02,client-side-encryption,220,53740,779c2843,9e2acc6c
GODRIVER,2026-02,client-side-operations-timeout,28,20635,779c2843,9e2acc6c
GODRIVER,2026-02,collection-management,6,482,779c2843,9e2acc6c
GODRIVER,2026-02,command-logging-and-monitoring,25,3059,779c2843,9e2acc6c
GODRIVER,2026-02,connection-monitoring-and-pooling,35,1704,779c2843,9e2acc6c
GODRIVER,2026-02,connection-string,8,1256,779c2843,9e2acc6c
GODRIVER,2026-02,crud,189,18682,779c2843,9e2acc6c
GODRIVER,2026-02,gridfs,8,1152,779c2843,9e2acc6c
GODRIVER,2026-02,index-management,7,535,779c2843,9e2acc6c
GODRIVER,2026-02,initial-dns-seedlist-discovery,53,467,779c2843,9e2acc6c
GODRIVER,2026-02,load-balancers,8,1533,779c2843,9e2acc6c
GODRIVER,2026-02,max-staleness,32,965,779c2843,9e2acc6c
GODRIVER,2026-02,mongodb-handshake,1,55,779c2843,9e2acc6c
GODRIVER,2026-02,open-telemetry,22,2008,779c2843,9e2acc6c
GODRIVER,2026-02,read-write-concern,8,807,779c2843,9e2acc6c
GODRIVER,2026-02,retryable-reads,45,12102,779c2843,9e2acc6c
GODRIVER,2026-02,retryable-writes,35,6198,779c2843,9e2acc6c
GODRIVER,2026-02,run-command,2,660,779c2843,9e2acc6c
GODRIVER,2026-02,server-discovery-and-monitoring,226,16199,779c2843,9e2acc6c
GODRIVER,2026-02,server-selection,99,2663,779c2843,9e2acc6c
GODRIVER,2026-02,sessions,7,1834,779c2843,9e2acc6c
GODRIVER,2026-02,transactions,40,16665,779c2843,9e2acc6c
GODRIVER,2026-02,transactions-convenient-api,10,2027,779c2843,9e2acc6c
GODRIVER,2026-02,unified-test-format,318,6323,779c2843,9e2acc6c
GODRIVER,2026-02,uri-options,11,1305,779c2843,9e2acc6c
GODRIVER,2026-02,versioned-api,6,1088,779c2843,9e2acc6c
GODRIVER,2026-03,auth,2,711,0c4baf84,e8345205
GODRIVER,2026-03,change-streams,9,4011,0c4baf84,e8345205
GODRIVER,2026-03,client-side-encryption,220,53740,0c4baf84,e8345205
GODRIVER,2026-03,client-side-operations-timeout,28,20686,0c4baf84,e8345205
GODRIVER,2026-03,collection-management,6,482,0c4baf84,e8345205
GODRIVER,2026-03,command-logging-and-monitoring,25,3059,0c4baf84,e8345205
GODRIVER,2026-03,connection-monitoring-and-pooling,35,1704,0c4baf84,e8345205
GODRIVER,2026-03,connection-string,8,1256,0c4baf84,e8345205
GODRIVER,2026-03,crud,189,18682,0c4baf84,e8345205
GODRIVER,2026-03,gridfs,8,1152,0c4baf84,e8345205
GODRIVER,2026-03,index-management,7,535,0c4baf84,e8345205
GODRIVER,2026-03,initial-dns-seedlist-discovery,53,467,0c4baf84,e8345205
GODRIVER,2026-03,load-balancers,8,1533,0c4baf84,e8345205
GODRIVER,2026-03,max-staleness,32,965,0c4baf84,e8345205
GODRIVER,2026-03,mongodb-handshake,1,55,0c4baf84,e8345205
GODRIVER,2026-03,open-telemetry,22,2008,0c4baf84,e8345205
GODRIVER,2026-03,read-write-concern,8,807,0c4baf84,e8345205
GODRIVER,2026-03,retryable-reads,45,12102,0c4baf84,e8345205
GODRIVER,2026-03,retryable-writes,35,6198,0c4baf84,e8345205
GODRIVER,2026-03,run-command,2,660,0c4baf84,e8345205
GODRIVER,2026-03,server-discovery-and-monitoring,230,16647,0c4baf84,e8345205
GODRIVER,2026-03,server-selection,108,2917,0c4baf84,e8345205
GODRIVER,2026-03,sessions,7,1834,0c4baf84,e8345205
GODRIVER,2026-03,transactions,40,16665,0c4baf84,e8345205
GODRIVER,2026-03,transactions-convenient-api,10,2027,0c4baf84,e8345205
GODRIVER,2026-03,unified-test-format,318,6323,0c4baf84,e8345205
GODRIVER,2026-03,uri-options,11,1305,0c4baf84,e8345205
GODRIVER,2026-03,versioned-api,6,1088,0c4baf84,e8345205
GODRIVER,2026-04,auth,2,711,fd85a834,7039e699
GODRIVER,2026-04,change-streams,9,4044,fd85a834,7039e699
GODRIVER,2026-04,client-backpressure,4,3434,fd85a834,7039e699
GODRIVER,2026-04,client-side-encryption,223,54199,fd85a834,7039e699
GODRIVER,2026-04,client-side-operations-timeout,28,20686,fd85a834,7039e699
GODRIVER,2026-04,collection-management,6,482,fd85a834,7039e699
GODRIVER,2026-04,command-logging-and-monitoring,25,3059,fd85a834,7039e699
GODRIVER,2026-04,connection-monitoring-and-pooling,35,1704,fd85a834,7039e699
GODRIVER,2026-04,connection-string,8,1256,fd85a834,7039e699
GODRIVER,2026-04,crud,189,18682,fd85a834,7039e699
GODRIVER,2026-04,gridfs,8,1152,fd85a834,7039e699
GODRIVER,2026-04,index-management,7,535,fd85a834,7039e699
GODRIVER,2026-04,initial-dns-seedlist-discovery,53,467,fd85a834,7039e699
GODRIVER,2026-04,load-balancers,8,1533,fd85a834,7039e699
GODRIVER,2026-04,max-staleness,32,965,fd85a834,7039e699
GODRIVER,2026-04,mongodb-handshake,1,55,fd85a834,7039e699
GODRIVER,2026-04,open-telemetry,22,2008,fd85a834,7039e699
GODRIVER,2026-04,read-write-concern,8,807,fd85a834,7039e699
GODRIVER,2026-04,retryable-reads,45,12102,fd85a834,7039e699
GODRIVER,2026-04,retryable-writes,35,6198,fd85a834,7039e699
GODRIVER,2026-04,run-command,2,660,fd85a834,7039e699
GODRIVER,2026-04,server-discovery-and-monitoring,230,16647,fd85a834,7039e699
GODRIVER,2026-04,server-selection,108,2917,fd85a834,7039e699
GODRIVER,2026-04,sessions,7,1834,fd85a834,7039e699
GODRIVER,2026-04,transactions,44,17522,fd85a834,7039e699
GODRIVER,2026-04,transactions-convenient-api,10,2027,fd85a834,7039e699
GODRIVER,2026-04,unified-test-format,320,6353,fd85a834,7039e699
GODRIVER,2026-04,uri-options,12,1358,fd85a834,7039e699
GODRIVER,2026-04,versioned-api,6,1088,fd85a834,7039e699
GODRIVER,2026-05,auth,2,711,fd85a834,7039e699
GODRIVER,2026-05,change-streams,9,4044,fd85a834,7039e699
GODRIVER,2026-05,client-backpressure,4,3434,fd85a834,7039e699
GODRIVER,2026-05,client-side-encryption,223,54199,fd85a834,7039e699
GODRIVER,2026-05,client-side-operations-timeout,28,20686,fd85a834,7039e699
GODRIVER,2026-05,collection-management,6,482,fd85a834,7039e699
GODRIVER,2026-05,command-logging-and-monitoring,25,3059,fd85a834,7039e699
GODRIVER,2026-05,connection-monitoring-and-pooling,35,1704,fd85a834,7039e699
GODRIVER,2026-05,connection-string,8,1256,fd85a834,7039e699
GODRIVER,2026-05,crud,189,18682,fd85a834,7039e699
GODRIVER,2026-05,gridfs,8,1152,fd85a834,7039e699
GODRIVER,2026-05,index-management,7,535,fd85a834,7039e699
GODRIVER,2026-05,initial-dns-seedlist-discovery,53,467,fd85a834,7039e699
GODRIVER,2026-05,load-balancers,8,1533,fd85a834,7039e699
GODRIVER,2026-05,max-staleness,32,965,fd85a834,7039e699
GODRIVER,2026-05,mongodb-handshake,1,55,fd85a834,7039e699
GODRIVER,2026-05,open-telemetry,22,2008,fd85a834,7039e699
GODRIVER,2026-05,read-write-concern,8,807,fd85a834,7039e699
GODRIVER,2026-05,retryable-reads,45,12102,fd85a834,7039e699
GODRIVER,2026-05,retryable-writes,35,6198,fd85a834,7039e699
GODRIVER,2026-05,run-command,2,660,fd85a834,7039e699
GODRIVER,2026-05,server-discovery-and-monitoring,230,16647,fd85a834,7039e699
GODRIVER,2026-05,server-selection,108,2917,fd85a834,7039e699
GODRIVER,2026-05,sessions,7,1834,fd85a834,7039e699
GODRIVER,2026-05,transactions,44,17522,fd85a834,7039e699
GODRIVER,2026-05,transactions-convenient-api,10,2027,fd85a834,7039e699
GODRIVER,2026-05,unified-test-format,320,6353,fd85a834,7039e699
GODRIVER,2026-05,uri-options,12,1358,fd85a834,7039e699
GODRIVER,2026-05,versioned-api,6,1088,fd85a834,7039e699
PHPLIB,2024-10,atlas-data-lake-testing,7,212,7781e756,34f9a579
PHPLIB,2024-10,auth,2,696,7781e756,34f9a579
PHPLIB,2024-10,change-streams,8,3951,7781e756,34f9a579
PHPLIB,2024-10,client-side-encryption,113,28345,7781e756,34f9a579
PHPLIB,2024-10,client-side-operations-timeout,27,20280,7781e756,34f9a579
PHPLIB,2024-10,collection-management,5,436,7781e756,34f9a579
PHPLIB,2024-10,command-logging-and-monitoring,25,2942,7781e756,34f9a579
PHPLIB,2024-10,connection-monitoring-and-pooling,35,1708,7781e756,34f9a579
PHPLIB,2024-10,connection-string,8,1255,7781e756,34f9a579
PHPLIB,2024-10,crud,156,16682,7781e756,34f9a579
PHPLIB,2024-10,gridfs,6,945,7781e756,34f9a579
PHPLIB,2024-10,index-management,6,443,7781e756,34f9a579
PHPLIB,2024-10,initial-dns-seedlist-discovery,53,467,7781e756,34f9a579
PHPLIB,2024-10,load-balancers,8,1518,7781e756,34f9a579
PHPLIB,2024-10,max-staleness,32,965,7781e756,34f9a579
PHPLIB,2024-10,read-write-concern,8,807,7781e756,34f9a579
PHPLIB,2024-10,retryable-reads,45,12102,7781e756,34f9a579
PHPLIB,2024-10,retryable-writes,33,5912,7781e756,34f9a579
PHPLIB,2024-10,run-command,2,660,7781e756,34f9a579
PHPLIB,2024-10,server-discovery-and-monitoring,217,15502,7781e756,34f9a579
PHPLIB,2024-10,server-selection,73,1981,7781e756,34f9a579
PHPLIB,2024-10,sessions,7,1440,7781e756,34f9a579
PHPLIB,2024-10,transactions,40,16662,7781e756,34f9a579
PHPLIB,2024-10,transactions-convenient-api,10,2029,7781e756,34f9a579
PHPLIB,2024-10,unified-test-format,307,5913,7781e756,34f9a579
PHPLIB,2024-10,uri-options,11,1305,7781e756,34f9a579
PHPLIB,2024-10,versioned-api,6,1088,7781e756,34f9a579
PHPLIB,2024-11,atlas-data-lake-testing,7,212,213648fa,f321471e
PHPLIB,2024-11,auth,2,696,213648fa,f321471e
PHPLIB,2024-11,change-streams,8,3951,213648fa,f321471e
PHPLIB,2024-11,client-side-encryption,115,28488,213648fa,f321471e
PHPLIB,2024-11,client-side-operations-timeout,27,20280,213648fa,f321471e
PHPLIB,2024-11,collection-management,5,436,213648fa,f321471e
PHPLIB,2024-11,command-logging-and-monitoring,25,2942,213648fa,f321471e
PHPLIB,2024-11,connection-monitoring-and-pooling,35,1704,213648fa,f321471e
PHPLIB,2024-11,connection-string,8,1255,213648fa,f321471e
PHPLIB,2024-11,crud,164,17144,213648fa,f321471e
PHPLIB,2024-11,gridfs,8,1152,213648fa,f321471e
PHPLIB,2024-11,index-management,6,443,213648fa,f321471e
PHPLIB,2024-11,initial-dns-seedlist-discovery,53,467,213648fa,f321471e
PHPLIB,2024-11,load-balancers,8,1533,213648fa,f321471e
PHPLIB,2024-11,max-staleness,32,965,213648fa,f321471e
PHPLIB,2024-11,read-write-concern,8,807,213648fa,f321471e
PHPLIB,2024-11,retryable-reads,45,12102,213648fa,f321471e
PHPLIB,2024-11,retryable-writes,35,6197,213648fa,f321471e
PHPLIB,2024-11,run-command,2,660,213648fa,f321471e
PHPLIB,2024-11,server-discovery-and-monitoring,220,15879,213648fa,f321471e
PHPLIB,2024-11,server-selection,73,1981,213648fa,f321471e
PHPLIB,2024-11,sessions,7,1440,213648fa,f321471e
PHPLIB,2024-11,transactions,40,16662,213648fa,f321471e
PHPLIB,2024-11,transactions-convenient-api,10,2029,213648fa,f321471e
PHPLIB,2024-11,unified-test-format,314,6230,213648fa,f321471e
PHPLIB,2024-11,uri-options,11,1305,213648fa,f321471e
PHPLIB,2024-11,versioned-api,6,1088,213648fa,f321471e
PHPLIB,2024-12,atlas-data-lake-testing,7,212,0dce47c8,787bbe67
PHPLIB,2024-12,auth,2,696,0dce47c8,787bbe67
PHPLIB,2024-12,change-streams,8,3951,0dce47c8,787bbe67
PHPLIB,2024-12,client-side-encryption,115,28488,0dce47c8,787bbe67
PHPLIB,2024-12,client-side-operations-timeout,27,20280,0dce47c8,787bbe67
PHPLIB,2024-12,collection-management,5,436,0dce47c8,787bbe67
PHPLIB,2024-12,command-logging-and-monitoring,25,2942,0dce47c8,787bbe67
PHPLIB,2024-12,connection-monitoring-and-pooling,35,1704,0dce47c8,787bbe67
PHPLIB,2024-12,connection-string,8,1255,0dce47c8,787bbe67
PHPLIB,2024-12,crud,164,17144,0dce47c8,787bbe67
PHPLIB,2024-12,gridfs,8,1152,0dce47c8,787bbe67
PHPLIB,2024-12,index-management,6,443,0dce47c8,787bbe67
PHPLIB,2024-12,initial-dns-seedlist-discovery,53,467,0dce47c8,787bbe67
PHPLIB,2024-12,load-balancers,8,1533,0dce47c8,787bbe67
PHPLIB,2024-12,max-staleness,32,965,0dce47c8,787bbe67
PHPLIB,2024-12,read-write-concern,8,807,0dce47c8,787bbe67
PHPLIB,2024-12,retryable-reads,45,12102,0dce47c8,787bbe67
PHPLIB,2024-12,retryable-writes,35,6199,0dce47c8,787bbe67
PHPLIB,2024-12,run-command,2,660,0dce47c8,787bbe67
PHPLIB,2024-12,server-discovery-and-monitoring,220,15879,0dce47c8,787bbe67
PHPLIB,2024-12,server-selection,73,1981,0dce47c8,787bbe67
PHPLIB,2024-12,sessions,7,1440,0dce47c8,787bbe67
PHPLIB,2024-12,transactions,40,16662,0dce47c8,787bbe67
PHPLIB,2024-12,transactions-convenient-api,10,2029,0dce47c8,787bbe67
PHPLIB,2024-12,unified-test-format,314,6230,0dce47c8,787bbe67
PHPLIB,2024-12,uri-options,11,1305,0dce47c8,787bbe67
PHPLIB,2024-12,versioned-api,6,1088,0dce47c8,787bbe67
PHPLIB,2025-01,atlas-data-lake-testing,7,212,79fd723a,d9b434db
PHPLIB,2025-01,auth,2,696,79fd723a,d9b434db
PHPLIB,2025-01,change-streams,8,3951,79fd723a,d9b434db
PHPLIB,2025-01,client-side-encryption,115,28488,79fd723a,d9b434db
PHPLIB,2025-01,client-side-operations-timeout,27,20280,79fd723a,d9b434db
PHPLIB,2025-01,collection-management,5,436,79fd723a,d9b434db
PHPLIB,2025-01,command-logging-and-monitoring,25,2942,79fd723a,d9b434db
PHPLIB,2025-01,connection-monitoring-and-pooling,35,1704,79fd723a,d9b434db
PHPLIB,2025-01,connection-string,8,1255,79fd723a,d9b434db
PHPLIB,2025-01,crud,164,17144,79fd723a,d9b434db
PHPLIB,2025-01,gridfs,8,1152,79fd723a,d9b434db
PHPLIB,2025-01,index-management,6,443,79fd723a,d9b434db
PHPLIB,2025-01,initial-dns-seedlist-discovery,53,467,79fd723a,d9b434db
PHPLIB,2025-01,load-balancers,8,1533,79fd723a,d9b434db
PHPLIB,2025-01,max-staleness,32,965,79fd723a,d9b434db
PHPLIB,2025-01,read-write-concern,8,807,79fd723a,d9b434db
PHPLIB,2025-01,retryable-reads,45,12102,79fd723a,d9b434db
PHPLIB,2025-01,retryable-writes,35,6199,79fd723a,d9b434db
PHPLIB,2025-01,run-command,2,660,79fd723a,d9b434db
PHPLIB,2025-01,server-discovery-and-monitoring,220,15879,79fd723a,d9b434db
PHPLIB,2025-01,server-selection,73,1981,79fd723a,d9b434db
PHPLIB,2025-01,sessions,7,1440,79fd723a,d9b434db
PHPLIB,2025-01,transactions,40,16666,79fd723a,d9b434db
PHPLIB,2025-01,transactions-convenient-api,10,2029,79fd723a,d9b434db
PHPLIB,2025-01,unified-test-format,314,6230,79fd723a,d9b434db
PHPLIB,2025-01,uri-options,11,1305,79fd723a,d9b434db
PHPLIB,2025-01,versioned-api,6,1088,79fd723a,d9b434db
PHPLIB,2025-02,atlas-data-lake-testing,7,212,d70df1df,449d0397
PHPLIB,2025-02,auth,2,696,d70df1df,449d0397
PHPLIB,2025-02,change-streams,9,4034,d70df1df,449d0397
PHPLIB,2025-02,client-side-encryption,115,28488,d70df1df,449d0397
PHPLIB,2025-02,client-side-operations-timeout,27,20280,d70df1df,449d0397
PHPLIB,2025-02,collection-management,5,436,d70df1df,449d0397
PHPLIB,2025-02,command-logging-and-monitoring,25,2942,d70df1df,449d0397
PHPLIB,2025-02,connection-monitoring-and-pooling,35,1704,d70df1df,449d0397
PHPLIB,2025-02,connection-string,8,1255,d70df1df,449d0397
PHPLIB,2025-02,crud,164,17144,d70df1df,449d0397
PHPLIB,2025-02,gridfs,8,1152,d70df1df,449d0397
PHPLIB,2025-02,index-management,6,443,d70df1df,449d0397
PHPLIB,2025-02,initial-dns-seedlist-discovery,53,467,d70df1df,449d0397
PHPLIB,2025-02,load-balancers,8,1537,d70df1df,449d0397
PHPLIB,2025-02,max-staleness,32,965,d70df1df,449d0397
PHPLIB,2025-02,read-write-concern,8,807,d70df1df,449d0397
PHPLIB,2025-02,retryable-reads,45,12102,d70df1df,449d0397
PHPLIB,2025-02,retryable-writes,35,6199,d70df1df,449d0397
PHPLIB,2025-02,run-command,2,660,d70df1df,449d0397
PHPLIB,2025-02,server-discovery-and-monitoring,220,15894,d70df1df,449d0397
PHPLIB,2025-02,server-selection,73,1981,d70df1df,449d0397
PHPLIB,2025-02,sessions,7,1440,d70df1df,449d0397
PHPLIB,2025-02,transactions,40,16666,d70df1df,449d0397
PHPLIB,2025-02,transactions-convenient-api,10,2029,d70df1df,449d0397
PHPLIB,2025-02,unified-test-format,314,6230,d70df1df,449d0397
PHPLIB,2025-02,uri-options,11,1305,d70df1df,449d0397
PHPLIB,2025-02,versioned-api,6,1088,d70df1df,449d0397
PHPLIB,2025-03,atlas-data-lake-testing,7,212,693484e4,f3549601
PHPLIB,2025-03,auth,2,696,693484e4,f3549601
PHPLIB,2025-03,change-streams,9,4034,693484e4,f3549601
PHPLIB,2025-03,client-side-encryption,115,28597,693484e4,f3549601
PHPLIB,2025-03,client-side-operations-timeout,27,20352,693484e4,f3549601
PHPLIB,2025-03,collection-management,5,436,693484e4,f3549601
PHPLIB,2025-03,command-logging-and-monitoring,25,2936,693484e4,f3549601
PHPLIB,2025-03,connection-monitoring-and-pooling,35,1704,693484e4,f3549601
PHPLIB,2025-03,connection-string,8,1256,693484e4,f3549601
PHPLIB,2025-03,crud,164,17144,693484e4,f3549601
PHPLIB,2025-03,gridfs,8,1152,693484e4,f3549601
PHPLIB,2025-03,index-management,6,443,693484e4,f3549601
PHPLIB,2025-03,initial-dns-seedlist-discovery,53,467,693484e4,f3549601
PHPLIB,2025-03,load-balancers,8,1533,693484e4,f3549601
PHPLIB,2025-03,max-staleness,32,965,693484e4,f3549601
PHPLIB,2025-03,read-write-concern,8,807,693484e4,f3549601
PHPLIB,2025-03,retryable-reads,45,12102,693484e4,f3549601
PHPLIB,2025-03,retryable-writes,35,6198,693484e4,f3549601
PHPLIB,2025-03,run-command,2,660,693484e4,f3549601
PHPLIB,2025-03,server-discovery-and-monitoring,221,15918,693484e4,f3549601
PHPLIB,2025-03,server-selection,73,1981,693484e4,f3549601
PHPLIB,2025-03,sessions,7,1440,693484e4,f3549601
PHPLIB,2025-03,transactions,40,16665,693484e4,f3549601
PHPLIB,2025-03,transactions-convenient-api,10,2027,693484e4,f3549601
PHPLIB,2025-03,unified-test-format,315,6298,693484e4,f3549601
PHPLIB,2025-03,uri-options,11,1305,693484e4,f3549601
PHPLIB,2025-03,versioned-api,6,1088,693484e4,f3549601
PHPLIB,2025-04,atlas-data-lake-testing,7,212,4aed52d7,43d2c7ba
PHPLIB,2025-04,auth,2,696,4aed52d7,43d2c7ba
PHPLIB,2025-04,change-streams,9,4011,4aed52d7,43d2c7ba
PHPLIB,2025-04,client-side-encryption,115,28597,4aed52d7,43d2c7ba
PHPLIB,2025-04,client-side-operations-timeout,28,20447,4aed52d7,43d2c7ba
PHPLIB,2025-04,collection-management,5,436,4aed52d7,43d2c7ba
PHPLIB,2025-04,command-logging-and-monitoring,25,2936,4aed52d7,43d2c7ba
PHPLIB,2025-04,connection-monitoring-and-pooling,35,1704,4aed52d7,43d2c7ba
PHPLIB,2025-04,connection-string,8,1256,4aed52d7,43d2c7ba
PHPLIB,2025-04,crud,164,17144,4aed52d7,43d2c7ba
PHPLIB,2025-04,gridfs,8,1152,4aed52d7,43d2c7ba
PHPLIB,2025-04,index-management,6,443,4aed52d7,43d2c7ba
PHPLIB,2025-04,initial-dns-seedlist-discovery,53,467,4aed52d7,43d2c7ba
PHPLIB,2025-04,load-balancers,8,1533,4aed52d7,43d2c7ba
PHPLIB,2025-04,max-staleness,32,965,4aed52d7,43d2c7ba
PHPLIB,2025-04,read-write-concern,8,807,4aed52d7,43d2c7ba
PHPLIB,2025-04,retryable-reads,45,12102,4aed52d7,43d2c7ba
PHPLIB,2025-04,retryable-writes,35,6198,4aed52d7,43d2c7ba
PHPLIB,2025-04,run-command,2,660,4aed52d7,43d2c7ba
PHPLIB,2025-04,server-discovery-and-monitoring,221,15918,4aed52d7,43d2c7ba
PHPLIB,2025-04,server-selection,73,1981,4aed52d7,43d2c7ba
PHPLIB,2025-04,sessions,7,1440,4aed52d7,43d2c7ba
PHPLIB,2025-04,transactions,40,16665,4aed52d7,43d2c7ba
PHPLIB,2025-04,transactions-convenient-api,10,2027,4aed52d7,43d2c7ba
PHPLIB,2025-04,unified-test-format,315,6298,4aed52d7,43d2c7ba
PHPLIB,2025-04,uri-options,11,1305,4aed52d7,43d2c7ba
PHPLIB,2025-04,versioned-api,6,1088,4aed52d7,43d2c7ba
PHPLIB,2025-05,atlas-data-lake-testing,7,212,f1e61d85,1c1500ad
PHPLIB,2025-05,auth,2,696,f1e61d85,1c1500ad
PHPLIB,2025-05,change-streams,9,4011,f1e61d85,1c1500ad
PHPLIB,2025-05,client-side-encryption,119,28845,f1e61d85,1c1500ad
PHPLIB,2025-05,client-side-operations-timeout,28,20447,f1e61d85,1c1500ad
PHPLIB,2025-05,collection-management,5,436,f1e61d85,1c1500ad
PHPLIB,2025-05,command-logging-and-monitoring,25,2936,f1e61d85,1c1500ad
PHPLIB,2025-05,connection-monitoring-and-pooling,35,1704,f1e61d85,1c1500ad
PHPLIB,2025-05,connection-string,8,1256,f1e61d85,1c1500ad
PHPLIB,2025-05,crud,164,17144,f1e61d85,1c1500ad
PHPLIB,2025-05,gridfs,8,1152,f1e61d85,1c1500ad
PHPLIB,2025-05,index-management,6,443,f1e61d85,1c1500ad
PHPLIB,2025-05,initial-dns-seedlist-discovery,53,467,f1e61d85,1c1500ad
PHPLIB,2025-05,load-balancers,8,1533,f1e61d85,1c1500ad
PHPLIB,2025-05,max-staleness,32,965,f1e61d85,1c1500ad
PHPLIB,2025-05,read-write-concern,8,807,f1e61d85,1c1500ad
PHPLIB,2025-05,retryable-reads,45,12102,f1e61d85,1c1500ad
PHPLIB,2025-05,retryable-writes,35,6198,f1e61d85,1c1500ad
PHPLIB,2025-05,run-command,2,660,f1e61d85,1c1500ad
PHPLIB,2025-05,server-discovery-and-monitoring,221,15918,f1e61d85,1c1500ad
PHPLIB,2025-05,server-selection,73,1981,f1e61d85,1c1500ad
PHPLIB,2025-05,sessions,7,1440,f1e61d85,1c1500ad
PHPLIB,2025-05,transactions,40,16665,f1e61d85,1c1500ad
PHPLIB,2025-05,transactions-convenient-api,10,2027,f1e61d85,1c1500ad
PHPLIB,2025-05,unified-test-format,315,6309,f1e61d85,1c1500ad
PHPLIB,2025-05,uri-options,11,1305,f1e61d85,1c1500ad
PHPLIB,2025-05,versioned-api,6,1088,f1e61d85,1c1500ad
PHPLIB,2025-06,atlas-data-lake-testing,7,212,0058bc00,db693517
PHPLIB,2025-06,auth,2,696,0058bc00,db693517
PHPLIB,2025-06,change-streams,9,4011,0058bc00,db693517
PHPLIB,2025-06,client-side-encryption,119,28845,0058bc00,db693517
PHPLIB,2025-06,client-side-operations-timeout,28,20447,0058bc00,db693517
PHPLIB,2025-06,collection-management,5,436,0058bc00,db693517
PHPLIB,2025-06,command-logging-and-monitoring,25,2936,0058bc00,db693517
PHPLIB,2025-06,connection-monitoring-and-pooling,35,1704,0058bc00,db693517
PHPLIB,2025-06,connection-string,8,1256,0058bc00,db693517
PHPLIB,2025-06,crud,164,17144,0058bc00,db693517
PHPLIB,2025-06,gridfs,8,1152,0058bc00,db693517
PHPLIB,2025-06,index-management,6,443,0058bc00,db693517
PHPLIB,2025-06,initial-dns-seedlist-discovery,53,467,0058bc00,db693517
PHPLIB,2025-06,load-balancers,8,1533,0058bc00,db693517
PHPLIB,2025-06,max-staleness,32,965,0058bc00,db693517
PHPLIB,2025-06,mongodb-handshake,1,54,0058bc00,db693517
PHPLIB,2025-06,read-write-concern,8,807,0058bc00,db693517
PHPLIB,2025-06,retryable-reads,45,12102,0058bc00,db693517
PHPLIB,2025-06,retryable-writes,35,6198,0058bc00,db693517
PHPLIB,2025-06,run-command,2,660,0058bc00,db693517
PHPLIB,2025-06,server-discovery-and-monitoring,221,15918,0058bc00,db693517
PHPLIB,2025-06,server-selection,73,1981,0058bc00,db693517
PHPLIB,2025-06,sessions,7,1440,0058bc00,db693517
PHPLIB,2025-06,transactions,40,16665,0058bc00,db693517
PHPLIB,2025-06,transactions-convenient-api,10,2027,0058bc00,db693517
PHPLIB,2025-06,unified-test-format,302,6145,0058bc00,db693517
PHPLIB,2025-06,uri-options,11,1305,0058bc00,db693517
PHPLIB,2025-06,versioned-api,6,1088,0058bc00,db693517
PHPLIB,2025-07,atlas-data-lake-testing,7,212,ca939ba0,c13d23b9
PHPLIB,2025-07,auth,2,696,ca939ba0,c13d23b9
PHPLIB,2025-07,change-streams,9,4011,ca939ba0,c13d23b9
PHPLIB,2025-07,client-side-encryption,119,28846,ca939ba0,c13d23b9
PHPLIB,2025-07,client-side-operations-timeout,28,20447,ca939ba0,c13d23b9
PHPLIB,2025-07,collection-management,6,482,ca939ba0,c13d23b9
PHPLIB,2025-07,command-logging-and-monitoring,25,2936,ca939ba0,c13d23b9
PHPLIB,2025-07,connection-monitoring-and-pooling,35,1704,ca939ba0,c13d23b9
PHPLIB,2025-07,connection-string,8,1256,ca939ba0,c13d23b9
PHPLIB,2025-07,crud,189,18682,ca939ba0,c13d23b9
PHPLIB,2025-07,gridfs,8,1152,ca939ba0,c13d23b9
PHPLIB,2025-07,index-management,7,535,ca939ba0,c13d23b9
PHPLIB,2025-07,initial-dns-seedlist-discovery,53,467,ca939ba0,c13d23b9
PHPLIB,2025-07,load-balancers,8,1533,ca939ba0,c13d23b9
PHPLIB,2025-07,max-staleness,32,965,ca939ba0,c13d23b9
PHPLIB,2025-07,mongodb-handshake,1,54,ca939ba0,c13d23b9
PHPLIB,2025-07,read-write-concern,8,807,ca939ba0,c13d23b9
PHPLIB,2025-07,retryable-reads,45,12102,ca939ba0,c13d23b9
PHPLIB,2025-07,retryable-writes,35,6198,ca939ba0,c13d23b9
PHPLIB,2025-07,run-command,2,660,ca939ba0,c13d23b9
PHPLIB,2025-07,server-discovery-and-monitoring,221,15918,ca939ba0,c13d23b9
PHPLIB,2025-07,server-selection,73,1981,ca939ba0,c13d23b9
PHPLIB,2025-07,sessions,7,1440,ca939ba0,c13d23b9
PHPLIB,2025-07,transactions,40,16665,ca939ba0,c13d23b9
PHPLIB,2025-07,transactions-convenient-api,10,2027,ca939ba0,c13d23b9
PHPLIB,2025-07,unified-test-format,302,6146,ca939ba0,c13d23b9
PHPLIB,2025-07,uri-options,11,1305,ca939ba0,c13d23b9
PHPLIB,2025-07,versioned-api,6,1088,ca939ba0,c13d23b9
PHPLIB,2025-08,atlas-data-lake-testing,7,212,771b3da5,5ef7b1bc
PHPLIB,2025-08,auth,2,696,771b3da5,5ef7b1bc
PHPLIB,2025-08,change-streams,9,4011,771b3da5,5ef7b1bc
PHPLIB,2025-08,client-side-encryption,124,30012,771b3da5,5ef7b1bc
PHPLIB,2025-08,client-side-operations-timeout,28,20552,771b3da5,5ef7b1bc
PHPLIB,2025-08,collection-management,6,482,771b3da5,5ef7b1bc
PHPLIB,2025-08,command-logging-and-monitoring,25,2936,771b3da5,5ef7b1bc
PHPLIB,2025-08,connection-monitoring-and-pooling,35,1704,771b3da5,5ef7b1bc
PHPLIB,2025-08,connection-string,8,1256,771b3da5,5ef7b1bc
PHPLIB,2025-08,crud,190,18804,771b3da5,5ef7b1bc
PHPLIB,2025-08,gridfs,8,1152,771b3da5,5ef7b1bc
PHPLIB,2025-08,index-management,7,535,771b3da5,5ef7b1bc
PHPLIB,2025-08,initial-dns-seedlist-discovery,53,467,771b3da5,5ef7b1bc
PHPLIB,2025-08,load-balancers,8,1533,771b3da5,5ef7b1bc
PHPLIB,2025-08,max-staleness,32,965,771b3da5,5ef7b1bc
PHPLIB,2025-08,mongodb-handshake,1,54,771b3da5,5ef7b1bc
PHPLIB,2025-08,read-write-concern,8,807,771b3da5,5ef7b1bc
PHPLIB,2025-08,retryable-reads,45,12102,771b3da5,5ef7b1bc
PHPLIB,2025-08,retryable-writes,35,6198,771b3da5,5ef7b1bc
PHPLIB,2025-08,run-command,2,660,771b3da5,5ef7b1bc
PHPLIB,2025-08,server-discovery-and-monitoring,221,15918,771b3da5,5ef7b1bc
PHPLIB,2025-08,server-selection,73,1981,771b3da5,5ef7b1bc
PHPLIB,2025-08,sessions,7,1440,771b3da5,5ef7b1bc
PHPLIB,2025-08,transactions,40,16665,771b3da5,5ef7b1bc
PHPLIB,2025-08,transactions-convenient-api,10,2027,771b3da5,5ef7b1bc
PHPLIB,2025-08,unified-test-format,304,6162,771b3da5,5ef7b1bc
PHPLIB,2025-08,uri-options,11,1305,771b3da5,5ef7b1bc
PHPLIB,2025-08,versioned-api,6,1088,771b3da5,5ef7b1bc
PHPLIB,2025-09,auth,2,696,c9ddfcbe,ace53b16
PHPLIB,2025-09,change-streams,9,4011,c9ddfcbe,ace53b16
PHPLIB,2025-09,client-side-encryption,220,53740,c9ddfcbe,ace53b16
PHPLIB,2025-09,client-side-operations-timeout,28,20635,c9ddfcbe,ace53b16
PHPLIB,2025-09,collection-management,6,482,c9ddfcbe,ace53b16
PHPLIB,2025-09,command-logging-and-monitoring,25,2936,c9ddfcbe,ace53b16
PHPLIB,2025-09,connection-monitoring-and-pooling,35,1704,c9ddfcbe,ace53b16
PHPLIB,2025-09,connection-string,8,1256,c9ddfcbe,ace53b16
PHPLIB,2025-09,crud,189,18682,c9ddfcbe,ace53b16
PHPLIB,2025-09,gridfs,8,1152,c9ddfcbe,ace53b16
PHPLIB,2025-09,index-management,7,535,c9ddfcbe,ace53b16
PHPLIB,2025-09,initial-dns-seedlist-discovery,53,467,c9ddfcbe,ace53b16
PHPLIB,2025-09,load-balancers,8,1533,c9ddfcbe,ace53b16
PHPLIB,2025-09,max-staleness,32,965,c9ddfcbe,ace53b16
PHPLIB,2025-09,mongodb-handshake,1,54,c9ddfcbe,ace53b16
PHPLIB,2025-09,open-telemetry,22,1856,c9ddfcbe,ace53b16
PHPLIB,2025-09,read-write-concern,8,807,c9ddfcbe,ace53b16
PHPLIB,2025-09,retryable-reads,45,12102,c9ddfcbe,ace53b16
PHPLIB,2025-09,retryable-writes,35,6198,c9ddfcbe,ace53b16
PHPLIB,2025-09,run-command,2,660,c9ddfcbe,ace53b16
PHPLIB,2025-09,server-discovery-and-monitoring,221,15918,c9ddfcbe,ace53b16
PHPLIB,2025-09,server-selection,73,1981,c9ddfcbe,ace53b16
PHPLIB,2025-09,sessions,7,1440,c9ddfcbe,ace53b16
PHPLIB,2025-09,transactions,40,16665,c9ddfcbe,ace53b16
PHPLIB,2025-09,transactions-convenient-api,10,2027,c9ddfcbe,ace53b16
PHPLIB,2025-09,unified-test-format,318,6323,c9ddfcbe,ace53b16
PHPLIB,2025-09,uri-options,11,1305,c9ddfcbe,ace53b16
PHPLIB,2025-09,versioned-api,6,1088,c9ddfcbe,ace53b16
PHPLIB,2025-10,auth,2,705,89481cce,d41d48b9
PHPLIB,2025-10,change-streams,9,4011,89481cce,d41d48b9
PHPLIB,2025-10,client-side-encryption,220,53740,89481cce,d41d48b9
PHPLIB,2025-10,client-side-operations-timeout,28,20635,89481cce,d41d48b9
PHPLIB,2025-10,collection-management,6,482,89481cce,d41d48b9
PHPLIB,2025-10,command-logging-and-monitoring,25,2936,89481cce,d41d48b9
PHPLIB,2025-10,connection-monitoring-and-pooling,35,1704,89481cce,d41d48b9
PHPLIB,2025-10,connection-string,8,1256,89481cce,d41d48b9
PHPLIB,2025-10,crud,189,18682,89481cce,d41d48b9
PHPLIB,2025-10,gridfs,8,1152,89481cce,d41d48b9
PHPLIB,2025-10,index-management,7,535,89481cce,d41d48b9
PHPLIB,2025-10,initial-dns-seedlist-discovery,53,467,89481cce,d41d48b9
PHPLIB,2025-10,load-balancers,8,1533,89481cce,d41d48b9
PHPLIB,2025-10,max-staleness,32,965,89481cce,d41d48b9
PHPLIB,2025-10,mongodb-handshake,1,54,89481cce,d41d48b9
PHPLIB,2025-10,open-telemetry,22,1856,89481cce,d41d48b9
PHPLIB,2025-10,read-write-concern,8,807,89481cce,d41d48b9
PHPLIB,2025-10,retryable-reads,45,12102,89481cce,d41d48b9
PHPLIB,2025-10,retryable-writes,35,6198,89481cce,d41d48b9
PHPLIB,2025-10,run-command,2,660,89481cce,d41d48b9
PHPLIB,2025-10,server-discovery-and-monitoring,221,15918,89481cce,d41d48b9
PHPLIB,2025-10,server-selection,73,1981,89481cce,d41d48b9
PHPLIB,2025-10,sessions,7,1440,89481cce,d41d48b9
PHPLIB,2025-10,transactions,40,16665,89481cce,d41d48b9
PHPLIB,2025-10,transactions-convenient-api,10,2027,89481cce,d41d48b9
PHPLIB,2025-10,unified-test-format,318,6323,89481cce,d41d48b9
PHPLIB,2025-10,uri-options,11,1305,89481cce,d41d48b9
PHPLIB,2025-10,versioned-api,6,1088,89481cce,d41d48b9
PHPLIB,2025-11,auth,2,705,f2cfbc29,08ba029d
PHPLIB,2025-11,change-streams,9,4011,f2cfbc29,08ba029d
PHPLIB,2025-11,client-side-encryption,220,53740,f2cfbc29,08ba029d
PHPLIB,2025-11,client-side-operations-timeout,28,20635,f2cfbc29,08ba029d
PHPLIB,2025-11,collection-management,6,482,f2cfbc29,08ba029d
PHPLIB,2025-11,command-logging-and-monitoring,25,2936,f2cfbc29,08ba029d
PHPLIB,2025-11,connection-monitoring-and-pooling,35,1704,f2cfbc29,08ba029d
PHPLIB,2025-11,connection-string,8,1256,f2cfbc29,08ba029d
PHPLIB,2025-11,crud,189,18682,f2cfbc29,08ba029d
PHPLIB,2025-11,gridfs,8,1152,f2cfbc29,08ba029d
PHPLIB,2025-11,index-management,7,535,f2cfbc29,08ba029d
PHPLIB,2025-11,initial-dns-seedlist-discovery,53,467,f2cfbc29,08ba029d
PHPLIB,2025-11,load-balancers,8,1533,f2cfbc29,08ba029d
PHPLIB,2025-11,max-staleness,32,965,f2cfbc29,08ba029d
PHPLIB,2025-11,mongodb-handshake,1,54,f2cfbc29,08ba029d
PHPLIB,2025-11,open-telemetry,22,2008,f2cfbc29,08ba029d
PHPLIB,2025-11,read-write-concern,8,807,f2cfbc29,08ba029d
PHPLIB,2025-11,retryable-reads,45,12102,f2cfbc29,08ba029d
PHPLIB,2025-11,retryable-writes,35,6198,f2cfbc29,08ba029d
PHPLIB,2025-11,run-command,2,660,f2cfbc29,08ba029d
PHPLIB,2025-11,server-discovery-and-monitoring,221,15918,f2cfbc29,08ba029d
PHPLIB,2025-11,server-selection,73,1981,f2cfbc29,08ba029d
PHPLIB,2025-11,sessions,7,1834,f2cfbc29,08ba029d
PHPLIB,2025-11,transactions,40,16665,f2cfbc29,08ba029d
PHPLIB,2025-11,transactions-convenient-api,10,2027,f2cfbc29,08ba029d
PHPLIB,2025-11,unified-test-format,318,6323,f2cfbc29,08ba029d
PHPLIB,2025-11,uri-options,11,1305,f2cfbc29,08ba029d
PHPLIB,2025-11,versioned-api,6,1088,f2cfbc29,08ba029d
PHPLIB,2025-12,auth,2,705,81613be9,192976b1
PHPLIB,2025-12,change-streams,9,4011,81613be9,192976b1
PHPLIB,2025-12,client-side-encryption,220,53740,81613be9,192976b1
PHPLIB,2025-12,client-side-operations-timeout,28,20635,81613be9,192976b1
PHPLIB,2025-12,collection-management,6,482,81613be9,192976b1
PHPLIB,2025-12,command-logging-and-monitoring,25,2936,81613be9,192976b1
PHPLIB,2025-12,connection-monitoring-and-pooling,35,1704,81613be9,192976b1
PHPLIB,2025-12,connection-string,8,1256,81613be9,192976b1
PHPLIB,2025-12,crud,189,18682,81613be9,192976b1
PHPLIB,2025-12,gridfs,8,1152,81613be9,192976b1
PHPLIB,2025-12,index-management,7,535,81613be9,192976b1
PHPLIB,2025-12,initial-dns-seedlist-discovery,53,467,81613be9,192976b1
PHPLIB,2025-12,load-balancers,8,1533,81613be9,192976b1
PHPLIB,2025-12,max-staleness,32,965,81613be9,192976b1
PHPLIB,2025-12,mongodb-handshake,1,54,81613be9,192976b1
PHPLIB,2025-12,open-telemetry,22,2008,81613be9,192976b1
PHPLIB,2025-12,read-write-concern,8,807,81613be9,192976b1
PHPLIB,2025-12,retryable-reads,45,12102,81613be9,192976b1
PHPLIB,2025-12,retryable-writes,35,6198,81613be9,192976b1
PHPLIB,2025-12,run-command,2,660,81613be9,192976b1
PHPLIB,2025-12,server-discovery-and-monitoring,224,16036,81613be9,192976b1
PHPLIB,2025-12,server-selection,98,2627,81613be9,192976b1
PHPLIB,2025-12,sessions,7,1834,81613be9,192976b1
PHPLIB,2025-12,transactions,40,16665,81613be9,192976b1
PHPLIB,2025-12,transactions-convenient-api,10,2027,81613be9,192976b1
PHPLIB,2025-12,unified-test-format,318,6323,81613be9,192976b1
PHPLIB,2025-12,uri-options,11,1305,81613be9,192976b1
PHPLIB,2025-12,versioned-api,6,1088,81613be9,192976b1
PHPLIB,2026-01,auth,2,705,c651f048,08d7132a
PHPLIB,2026-01,change-streams,9,4011,c651f048,08d7132a
PHPLIB,2026-01,client-side-encryption,220,53740,c651f048,08d7132a
PHPLIB,2026-01,client-side-operations-timeout,28,20635,c651f048,08d7132a
PHPLIB,2026-01,collection-management,6,482,c651f048,08d7132a
PHPLIB,2026-01,command-logging-and-monitoring,25,3059,c651f048,08d7132a
PHPLIB,2026-01,connection-monitoring-and-pooling,35,1704,c651f048,08d7132a
PHPLIB,2026-01,connection-string,8,1256,c651f048,08d7132a
PHPLIB,2026-01,crud,189,18682,c651f048,08d7132a
PHPLIB,2026-01,gridfs,8,1152,c651f048,08d7132a
PHPLIB,2026-01,index-management,7,535,c651f048,08d7132a
PHPLIB,2026-01,initial-dns-seedlist-discovery,53,467,c651f048,08d7132a
PHPLIB,2026-01,load-balancers,8,1533,c651f048,08d7132a
PHPLIB,2026-01,max-staleness,32,965,c651f048,08d7132a
PHPLIB,2026-01,mongodb-handshake,1,55,c651f048,08d7132a
PHPLIB,2026-01,open-telemetry,22,2008,c651f048,08d7132a
PHPLIB,2026-01,read-write-concern,8,807,c651f048,08d7132a
PHPLIB,2026-01,retryable-reads,45,12102,c651f048,08d7132a
PHPLIB,2026-01,retryable-writes,35,6198,c651f048,08d7132a
PHPLIB,2026-01,run-command,2,660,c651f048,08d7132a
PHPLIB,2026-01,server-discovery-and-monitoring,226,16199,c651f048,08d7132a
PHPLIB,2026-01,server-selection,98,2627,c651f048,08d7132a
PHPLIB,2026-01,sessions,7,1834,c651f048,08d7132a
PHPLIB,2026-01,transactions,40,16665,c651f048,08d7132a
PHPLIB,2026-01,transactions-convenient-api,10,2027,c651f048,08d7132a
PHPLIB,2026-01,unified-test-format,318,6323,c651f048,08d7132a
PHPLIB,2026-01,uri-options,11,1305,c651f048,08d7132a
PHPLIB,2026-01,versioned-api,6,1088,c651f048,08d7132a
PHPLIB,2026-02,auth,2,711,62e226d6,99704fa8
PHPLIB,2026-02,change-streams,9,4011,62e226d6,99704fa8
PHPLIB,2026-02,client-side-encryption,220,53740,62e226d6,99704fa8
PHPLIB,2026-02,client-side-operations-timeout,28,20635,62e226d6,99704fa8
PHPLIB,2026-02,collection-management,6,482,62e226d6,99704fa8
PHPLIB,2026-02,command-logging-and-monitoring,25,3059,62e226d6,99704fa8
PHPLIB,2026-02,connection-monitoring-and-pooling,35,1704,62e226d6,99704fa8
PHPLIB,2026-02,connection-string,8,1256,62e226d6,99704fa8
PHPLIB,2026-02,crud,189,18682,62e226d6,99704fa8
PHPLIB,2026-02,gridfs,8,1152,62e226d6,99704fa8
PHPLIB,2026-02,index-management,7,535,62e226d6,99704fa8
PHPLIB,2026-02,initial-dns-seedlist-discovery,53,467,62e226d6,99704fa8
PHPLIB,2026-02,load-balancers,8,1533,62e226d6,99704fa8
PHPLIB,2026-02,max-staleness,32,965,62e226d6,99704fa8
PHPLIB,2026-02,mongodb-handshake,1,55,62e226d6,99704fa8
PHPLIB,2026-02,open-telemetry,22,2008,62e226d6,99704fa8
PHPLIB,2026-02,read-write-concern,8,807,62e226d6,99704fa8
PHPLIB,2026-02,retryable-reads,45,12102,62e226d6,99704fa8
PHPLIB,2026-02,retryable-writes,35,6198,62e226d6,99704fa8
PHPLIB,2026-02,run-command,2,660,62e226d6,99704fa8
PHPLIB,2026-02,server-discovery-and-monitoring,226,16199,62e226d6,99704fa8
PHPLIB,2026-02,server-selection,100,2685,62e226d6,99704fa8
PHPLIB,2026-02,sessions,7,1834,62e226d6,99704fa8
PHPLIB,2026-02,transactions,40,16665,62e226d6,99704fa8
PHPLIB,2026-02,transactions-convenient-api,10,2027,62e226d6,99704fa8
PHPLIB,2026-02,unified-test-format,318,6323,62e226d6,99704fa8
PHPLIB,2026-02,uri-options,11,1305,62e226d6,99704fa8
PHPLIB,2026-02,versioned-api,6,1088,62e226d6,99704fa8
PHPLIB,2026-03,auth,2,711,79430725,290ee489
PHPLIB,2026-03,change-streams,9,4011,79430725,290ee489
PHPLIB,2026-03,client-backpressure,4,3984,79430725,290ee489
PHPLIB,2026-03,client-side-encryption,220,53740,79430725,290ee489
PHPLIB,2026-03,client-side-operations-timeout,28,20686,79430725,290ee489
PHPLIB,2026-03,collection-management,6,482,79430725,290ee489
PHPLIB,2026-03,command-logging-and-monitoring,25,3059,79430725,290ee489
PHPLIB,2026-03,connection-monitoring-and-pooling,35,1704,79430725,290ee489
PHPLIB,2026-03,connection-string,8,1256,79430725,290ee489
PHPLIB,2026-03,crud,189,18682,79430725,290ee489
PHPLIB,2026-03,gridfs,8,1152,79430725,290ee489
PHPLIB,2026-03,index-management,7,535,79430725,290ee489
PHPLIB,2026-03,initial-dns-seedlist-discovery,53,467,79430725,290ee489
PHPLIB,2026-03,load-balancers,8,1533,79430725,290ee489
PHPLIB,2026-03,max-staleness,32,965,79430725,290ee489
PHPLIB,2026-03,mongodb-handshake,1,55,79430725,290ee489
PHPLIB,2026-03,open-telemetry,22,2008,79430725,290ee489
PHPLIB,2026-03,read-write-concern,8,807,79430725,290ee489
PHPLIB,2026-03,retryable-reads,45,12102,79430725,290ee489
PHPLIB,2026-03,retryable-writes,35,6198,79430725,290ee489
PHPLIB,2026-03,run-command,2,660,79430725,290ee489
PHPLIB,2026-03,server-discovery-and-monitoring,230,16647,79430725,290ee489
PHPLIB,2026-03,server-selection,108,2917,79430725,290ee489
PHPLIB,2026-03,sessions,7,1834,79430725,290ee489
PHPLIB,2026-03,transactions,44,17546,79430725,290ee489
PHPLIB,2026-03,transactions-convenient-api,10,2027,79430725,290ee489
PHPLIB,2026-03,unified-test-format,318,6323,79430725,290ee489
PHPLIB,2026-03,uri-options,12,1332,79430725,290ee489
PHPLIB,2026-03,versioned-api,6,1088,79430725,290ee489
PHPLIB,2026-04,auth,2,711,12e56461,7039e699
PHPLIB,2026-04,change-streams,9,4044,12e56461,7039e699
PHPLIB,2026-04,client-backpressure,4,3434,12e56461,7039e699
PHPLIB,2026-04,client-side-encryption,223,54199,12e56461,7039e699
PHPLIB,2026-04,client-side-operations-timeout,28,20686,12e56461,7039e699
PHPLIB,2026-04,collection-management,6,482,12e56461,7039e699
PHPLIB,2026-04,command-logging-and-monitoring,25,3059,12e56461,7039e699
PHPLIB,2026-04,connection-monitoring-and-pooling,35,1704,12e56461,7039e699
PHPLIB,2026-04,connection-string,8,1256,12e56461,7039e699
PHPLIB,2026-04,crud,189,18682,12e56461,7039e699
PHPLIB,2026-04,gridfs,8,1152,12e56461,7039e699
PHPLIB,2026-04,index-management,7,535,12e56461,7039e699
PHPLIB,2026-04,initial-dns-seedlist-discovery,53,467,12e56461,7039e699
PHPLIB,2026-04,load-balancers,8,1533,12e56461,7039e699
PHPLIB,2026-04,max-staleness,32,965,12e56461,7039e699
PHPLIB,2026-04,mongodb-handshake,1,55,12e56461,7039e699
PHPLIB,2026-04,open-telemetry,22,2008,12e56461,7039e699
PHPLIB,2026-04,read-write-concern,8,807,12e56461,7039e699
PHPLIB,2026-04,retryable-reads,45,12102,12e56461,7039e699
PHPLIB,2026-04,retryable-writes,35,6198,12e56461,7039e699
PHPLIB,2026-04,run-command,2,660,12e56461,7039e699
PHPLIB,2026-04,server-discovery-and-monitoring,230,16647,12e56461,7039e699
PHPLIB,2026-04,server-selection,108,2917,12e56461,7039e699
PHPLIB,2026-04,sessions,7,1834,12e56461,7039e699
PHPLIB,2026-04,transactions,44,17522,12e56461,7039e699
PHPLIB,2026-04,transactions-convenient-api,10,2027,12e56461,7039e699
PHPLIB,2026-04,unified-test-format,320,6353,12e56461,7039e699
PHPLIB,2026-04,uri-options,12,1358,12e56461,7039e699
PHPLIB,2026-04,versioned-api,6,1088,12e56461,7039e699
PHPLIB,2026-05,auth,2,711,12e56461,7039e699
PHPLIB,2026-05,change-streams,9,4044,12e56461,7039e699
PHPLIB,2026-05,client-backpressure,4,3434,12e56461,7039e699
PHPLIB,2026-05,client-side-encryption,223,54199,12e56461,7039e699
PHPLIB,2026-05,client-side-operations-timeout,28,20686,12e56461,7039e699
PHPLIB,2026-05,collection-management,6,482,12e56461,7039e699
PHPLIB,2026-05,command-logging-and-monitoring,25,3059,12e56461,7039e699
PHPLIB,2026-05,connection-monitoring-and-pooling,35,1704,12e56461,7039e699
PHPLIB,2026-05,connection-string,8,1256,12e56461,7039e699
PHPLIB,2026-05,crud,189,18682,12e56461,7039e699
PHPLIB,2026-05,gridfs,8,1152,12e56461,7039e699
PHPLIB,2026-05,index-management,7,535,12e56461,7039e699
PHPLIB,2026-05,initial-dns-seedlist-discovery,53,467,12e56461,7039e699
PHPLIB,2026-05,load-balancers,8,1533,12e56461,7039e699
PHPLIB,2026-05,max-staleness,32,965,12e56461,7039e699
PHPLIB,2026-05,mongodb-handshake,1,55,12e56461,7039e699
PHPLIB,2026-05,open-telemetry,22,2008,12e56461,7039e699
PHPLIB,2026-05,read-write-concern,8,807,12e56461,7039e699
PHPLIB,2026-05,retryable-reads,45,12102,12e56461,7039e699
PHPLIB,2026-05,retryable-writes,35,6198,12e56461,7039e699
PHPLIB,2026-05,run-command,2,660,12e56461,7039e699
PHPLIB,2026-05,server-discovery-and-monitoring,230,16647,12e56461,7039e699
PHPLIB,2026-05,server-selection,108,2917,12e56461,7039e699
PHPLIB,2026-05,sessions,7,1834,12e56461,7039e699
PHPLIB,2026-05,transactions,44,17522,12e56461,7039e699
PHPLIB,2026-05,transactions-convenient-api,10,2027,12e56461,7039e699
PHPLIB,2026-05,unified-test-format,320,6353,12e56461,7039e699
PHPLIB,2026-05,uri-options,12,1358,12e56461,7039e699
PHPLIB,2026-05,versioned-api,6,1088,12e56461,7039e699
